Chemical formula,Through Hardening Time,Carburization Time,Normalizing Temperature,Cooling Rate for Tempering,Cooling Rate for Through Hardening,Tempering Temperature,Diffusion time,Quenching Media Temperature (for Carburization),Carburization Temperature,Diffusion Temperature,Sample Number,Reduction Ratio (Ingot to Bar),Fatigue Strength,Through Hardening Temperature,Tempering Time
Fe$_{0.9759}$C$_{0.004}$Mn$_{0.0156}$Cu$_{0.0005}$Si$_{0.0022}$P$_{0.00011}$S$_{0.00019}$Ni$_{0.0006}$Cr$_{0.0009}$,30,0,870,24,8,550,0,30,30,30,228,530,451,845,60
Fe$_{0.97088}$C$_{0.004}$Mn$_{0.0074}$Cu$_{0.001}$Si$_{0.0025}$P$_{0.00014}$S$_{0.00028}$Mo$_{0.0018}$Ni$_{0.0024}$Cr$_{0.0096}$,30,0,870,24,8,550,0,30,30,30,193,510,631,855,60
Fe$_{0.97588}$C$_{0.0038}$Mn$_{0.0152}$Cu$_{0.0007}$Si$_{0.0027}$P$_{0.00012}$Ni$_{0.0003}$Cr$_{0.0013}$,30,0,870,24,8,600,0,30,30,30,233,610,406,845,60
Fe$_{0.98575}$C$_{0.0037}$Mn$_{0.0072}$Cu$_{0.0002}$Si$_{0.0024}$P$_{0.00015}$S$_{0.0002}$Ni$_{0.0002}$Cr$_{0.0002}$,30,0,865,24,24,550,0,30,30,30,22,1740,433,865,60
Fe$_{0.97588}$C$_{0.0038}$Mn$_{0.0152}$Cu$_{0.0007}$Si$_{0.0027}$P$_{0.00012}$Ni$_{0.0003}$Cr$_{0.0013}$,30,0,870,24,8,650,0,30,30,30,240,610,385,845,60
Fe$_{0.9834}$C$_{0.0038}$Mn$_{0.007}$Cu$_{0.0011}$Si$_{0.0029}$S$_{0.0003}$Ni$_{0.0006}$Cr$_{0.0009}$,30,0,865,24,24,600,0,30,30,30,29,610,394,865,60
Fe$_{0.98335}$C$_{0.0047}$Mn$_{0.0072}$Cu$_{0.0004}$Si$_{0.0025}$P$_{0.00015}$Ni$_{0.0013}$Cr$_{0.0004}$,30,0,845,24,24,550,0,30,30,30,54,610,465,845,60
Fe$_{0.97224}$C$_{0.0036}$Mn$_{0.0074}$Cu$_{0.0012}$Si$_{0.0035}$P$_{0.00016}$S$_{0.0002}$Mo$_{0.0015}$Ni$_{0.0005}$Cr$_{0.0097}$,30,0,870,24,8,600,0,30,30,30,157,740,550,855,60
Fe$_{0.96007}$C$_{0.0061}$Mn$_{0.0086}$Cu$_{0.0012}$Si$_{0.0205}$P$_{0.00019}$S$_{0.00014}$Ni$_{0.0016}$Cr$_{0.0016}$,30,0,845,24,8,500,0,30,30,30,377,1455,770,845,60
Fe$_{0.98496}$C$_{0.0042}$Mn$_{0.007}$Si$_{0.0026}$P$_{0.00024}$Cr$_{0.001}$,30,0,845,24,24,600,0,30,30,30,69,1270,422,845,60
Fe$_{0.97198}$C$_{0.004}$Mn$_{0.0078}$Cu$_{0.0013}$Si$_{0.0031}$P$_{0.00012}$Ni$_{0.0007}$Cr$_{0.011}$,30,0,870,24,8,550,0,30,30,30,116,1120,583,855,60
Fe$_{0.97028}$C$_{0.0042}$Mn$_{0.0077}$Cu$_{0.0009}$Si$_{0.0029}$P$_{0.00015}$S$_{0.00017}$Mo$_{0.0015}$Ni$_{0.0012}$Cr$_{0.011}$,30,0,870,24,8,650,0,30,30,30,218,500,505,855,60
Fe$_{0.97181}$C$_{0.0041}$Mn$_{0.008}$Cu$_{0.001}$Si$_{0.0024}$P$_{0.00015}$S$_{0.00024}$Mo$_{0.0018}$Ni$_{0.0003}$Cr$_{0.0102}$,30,0,870,24,8,650,0,30,30,30,214,510,517,855,60
Fe$_{0.98887}$C$_{0.0023}$Mn$_{0.0051}$Cu$_{0.0003}$Si$_{0.0026}$P$_{0.00029}$S$_{0.00024}$Cr$_{0.0003}$,0,0,885,0,0,30,0,30,30,30,11,1740,255,30,0
Fe$_{0.97286}$C$_{0.004}$Mn$_{0.0079}$Cu$_{0.0004}$Si$_{0.0032}$P$_{0.00013}$S$_{0.00011}$Ni$_{0.0005}$Cr$_{0.0109}$,30,0,870,24,8,550,0,30,30,30,121,1120,562,855,60
Fe$_{0.95438}$C$_{0.0031}$Mn$_{0.0056}$Cu$_{0.001}$Si$_{0.0022}$P$_{0.00016}$S$_{0.00016}$Ni$_{0.0263}$Cr$_{0.0071}$,30,0,900,24,8,550,0,30,30,30,286,700,537,845,60
Fe$_{0.95909}$C$_{0.0047}$Mn$_{0.0072}$Cu$_{0.0006}$Si$_{0.0028}$P$_{0.00011}$Ni$_{0.0176}$Cr$_{0.0079}$,30,0,870,24,8,680,0,30,30,30,366,740,471,845,60
Fe$_{0.97298}$C$_{0.0036}$Mn$_{0.0079}$Cu$_{0.0004}$Si$_{0.0027}$P$_{0.00012}$Mo$_{0.0017}$Ni$_{0.0003}$Cr$_{0.0103}$,30,0,870,24,8,550,0,30,30,30,140,1120,578,855,60
Fe$_{0.98335}$C$_{0.0047}$Mn$_{0.0072}$Cu$_{0.0004}$Si$_{0.0025}$P$_{0.00015}$Ni$_{0.0013}$Cr$_{0.0004}$,30,0,845,24,24,600,0,30,30,30,65,610,442,845,60
Fe$_{0.9544}$C$_{0.0032}$Mn$_{0.0058}$Cu$_{0.0006}$Si$_{0.0024}$Ni$_{0.0265}$Cr$_{0.0071}$,30,0,900,24,8,600,0,30,30,30,293,700,510,845,60
Fe$_{0.97338}$C$_{0.002}$Mn$_{0.0077}$Cu$_{0.002}$Si$_{0.0032}$P$_{0.00024}$S$_{0.00028}$Mo$_{0.0019}$Ni$_{0.0046}$Cr$_{0.0047}$,0,450,930,0.5,0,160,34.8,60,930,895.517,405,390,956,30,120
Fe$_{0.97675}$C$_{0.0042}$Mn$_{0.0151}$Si$_{0.0021}$P$_{0.00026}$S$_{0.00019}$Ni$_{0.0002}$Cr$_{0.0012}$,30,0,870,24,8,550,0,30,30,30,250,1510,551,845,60
Fe$_{0.98484}$C$_{0.0033}$Mn$_{0.0076}$Cu$_{0.0003}$Si$_{0.0026}$P$_{0.00023}$S$_{0.00013}$Cr$_{0.001}$,30,0,865,24,24,600,0,30,30,30,30,1270,425,865,60
Fe$_{0.9523}$C$_{0.0034}$Mn$_{0.0065}$Cu$_{0.0005}$Si$_{0.0026}$Ni$_{0.0263}$Cr$_{0.0084}$,30,0,900,24,8,600,0,30,30,30,299,700,536,845,60
Fe$_{0.98367}$C$_{0.0043}$Mn$_{0.0083}$Si$_{0.0022}$P$_{0.00017}$S$_{0.00016}$Cr$_{0.0012}$,30,0,845,24,24,550,0,30,30,30,55,1740,475,845,60
Fe$_{0.97298}$C$_{0.0036}$Mn$_{0.0079}$Cu$_{0.0004}$Si$_{0.0027}$P$_{0.00012}$Mo$_{0.0017}$Ni$_{0.0003}$Cr$_{0.0103}$,30,0,870,24,8,600,0,30,30,30,154,1120,524,855,60
Fe$_{0.95787}$C$_{0.004}$Mn$_{0.0073}$Cu$_{0.0008}$Si$_{0.0033}$P$_{0.00011}$S$_{0.00012}$Mo$_{0.002}$Ni$_{0.0171}$Cr$_{0.0074}$,30,0,870,24,8,680,0,30,30,30,345,1290,480,845,60
Fe$_{0.97169}$C$_{0.0021}$Mn$_{0.0081}$Cu$_{0.0007}$Si$_{0.0031}$P$_{0.00012}$S$_{0.00019}$Mo$_{0.0017}$Ni$_{0.0006}$Cr$_{0.0117}$,0,340.2,930,0.5,0,160,70.2,60,930,895.812,429,690,1144,30,120
Fe$_{0.96154}$C$_{0.0045}$Mn$_{0.0079}$Cu$_{0.0005}$Si$_{0.0016}$S$_{0.00016}$Ni$_{0.0165}$Cr$_{0.0073}$,30,0,870,24,8,630,0,30,30,30,363,640,537,845,60
Fe$_{0.97387}$C$_{0.0035}$Mn$_{0.0071}$Cu$_{0.0002}$Si$_{0.0025}$P$_{0.0002}$S$_{0.00013}$Mo$_{0.0017}$Ni$_{0.0002}$Cr$_{0.0106}$,30,0,870,24,8,600,0,30,30,30,160,1740,546,855,60
Fe$_{0.9861}$C$_{0.0033}$Mn$_{0.0075}$Cu$_{0.0002}$Si$_{0.0021}$P$_{0.00031}$S$_{0.00019}$Cr$_{0.0003}$,30,0,865,24,24,550,0,30,30,30,16,825,426,865,60
Fe$_{0.98288}$C$_{0.0052}$Mn$_{0.008}$Cu$_{0.0002}$Si$_{0.0021}$P$_{0.00021}$S$_{0.00021}$Ni$_{0.0002}$Cr$_{0.001}$,30,0,825,24,24,600,0,30,30,30,101,1740,464,825,60
Fe$_{0.97099}$C$_{0.004}$Mn$_{0.0074}$Cu$_{0.0015}$Si$_{0.0026}$P$_{0.00024}$S$_{0.00017}$Mo$_{0.0017}$Ni$_{0.0013}$Cr$_{0.0101}$,30,0,870,24,8,550,0,30,30,30,190,500,585,855,60
Fe$_{0.97028}$C$_{0.0042}$Mn$_{0.0077}$Cu$_{0.0009}$Si$_{0.0029}$P$_{0.00015}$S$_{0.00017}$Mo$_{0.0015}$Ni$_{0.0012}$Cr$_{0.011}$,30,0,870,24,8,600,0,30,30,30,203,500,583,855,60
Fe$_{0.97221}$C$_{0.0044}$Mn$_{0.0075}$Cu$_{0.0002}$Si$_{0.0026}$P$_{0.00017}$S$_{0.00012}$Mo$_{0.0021}$Ni$_{0.0002}$Cr$_{0.0105}$,30,0,870,24,8,600,0,30,30,30,209,1740,578,855,60
Fe$_{0.97034}$C$_{0.004}$Mn$_{0.0087}$Cu$_{0.0011}$Si$_{0.0025}$P$_{0.00011}$S$_{0.00015}$Mo$_{0.0018}$Ni$_{0.0007}$Cr$_{0.0106}$,30,0,870,24,8,600,0,30,30,30,206,700,543,855,60
Fe$_{0.95722}$C$_{0.0039}$Mn$_{0.0071}$Cu$_{0.0009}$Si$_{0.0025}$P$_{0.00015}$S$_{0.00013}$Mo$_{0.0023}$Ni$_{0.0176}$Cr$_{0.0082}$,30,0,870,24,8,580,0,30,30,30,321,640,609,845,60
Fe$_{0.96114}$C$_{0.0047}$Mn$_{0.0076}$Cu$_{0.0006}$Si$_{0.0019}$P$_{0.00013}$S$_{0.00013}$Ni$_{0.0167}$Cr$_{0.0071}$,30,0,870,24,8,630,0,30,30,30,361,640,556,845,60
Fe$_{0.97111}$C$_{0.0039}$Mn$_{0.0086}$Cu$_{0.0012}$Si$_{0.0027}$P$_{0.00019}$Mo$_{0.0017}$Ni$_{0.001}$Cr$_{0.0096}$,30,0,870,24,8,550,0,30,30,30,181,500,581,855,60
Fe$_{0.98938}$C$_{0.0026}$Mn$_{0.0051}$Si$_{0.0023}$P$_{0.00018}$S$_{0.00024}$Cr$_{0.0002}$,0,0,885,0,0,30,0,30,30,30,4,1740,241,30,0
Fe$_{0.97761}$C$_{0.0021}$Mn$_{0.0065}$Si$_{0.0026}$P$_{0.00015}$S$_{0.00024}$Mo$_{0.0015}$Ni$_{0.0002}$Cr$_{0.0091}$,0,340.2,930,0.5,0,160,70.2,140,930,895.812,433,240,1030,30,120
Fe$_{0.97435}$C$_{0.0033}$Mn$_{0.0069}$Cu$_{0.0005}$Si$_{0.0027}$P$_{0.00015}$Mo$_{0.0018}$Ni$_{0.0004}$Cr$_{0.0099}$,30,0,870,24,8,600,0,30,30,30,161,640,535,855,60
Fe$_{0.97387}$C$_{0.0035}$Mn$_{0.0071}$Cu$_{0.0002}$Si$_{0.0025}$P$_{0.0002}$S$_{0.00013}$Mo$_{0.0017}$Ni$_{0.0002}$Cr$_{0.0106}$,30,0,870,24,8,550,0,30,30,30,146,1740,583,855,60
Fe$_{0.9751}$C$_{0.0042}$Mn$_{0.0078}$Cu$_{0.0005}$Si$_{0.0026}$Ni$_{0.0004}$Cr$_{0.0094}$,30,0,870,24,8,550,0,30,30,30,120,820,565,855,60
Fe$_{0.97761}$C$_{0.0021}$Mn$_{0.0065}$Si$_{0.0026}$P$_{0.00015}$S$_{0.00024}$Mo$_{0.0015}$Ni$_{0.0002}$Cr$_{0.0091}$,0,90,930,0.5,0,160,49.8,60,930,881.807,427,240,1006,30,120
Fe$_{0.96359}$C$_{0.0021}$Mn$_{0.0062}$Cu$_{0.0007}$Si$_{0.0029}$P$_{0.00015}$S$_{0.00016}$Mo$_{0.0021}$Ni$_{0.0162}$Cr$_{0.0059}$,0,540,930,0.5,0,160,15,140,930,850,396,440,1054,30,120
Fe$_{0.97153}$C$_{0.0037}$Mn$_{0.0076}$Cu$_{0.0012}$Si$_{0.0029}$P$_{0.00017}$Mo$_{0.0016}$Ni$_{0.0012}$Cr$_{0.0101}$,30,0,870,24,8,600,0,30,30,30,163,500,542,855,60
Fe$_{0.98861}$C$_{0.0028}$Mn$_{0.005}$Si$_{0.0027}$P$_{0.00021}$S$_{0.00018}$Ni$_{0.0002}$Cr$_{0.0003}$,0,0,885,0,0,30,0,30,30,30,7,1270,255,30,0
Fe$_{0.97316}$C$_{0.0018}$Mn$_{0.0076}$Cu$_{0.0012}$Si$_{0.0026}$S$_{0.00014}$Mo$_{0.0017}$Ni$_{0.0056}$Cr$_{0.0062}$,0,450,930,0.5,0,200,34.8,60,930,895.517,413,690,1053,30,120
Fe$_{0.97167}$C$_{0.0036}$Mn$_{0.0073}$Cu$_{0.0019}$Si$_{0.003}$P$_{0.00017}$S$_{0.00016}$Mo$_{0.0016}$Ni$_{0.0005}$Cr$_{0.0101}$,30,0,870,24,8,600,0,30,30,30,152,820,552,855,60
Fe$_{0.95438}$C$_{0.0031}$Mn$_{0.0056}$Cu$_{0.001}$Si$_{0.0022}$P$_{0.00016}$S$_{0.00016}$Ni$_{0.0263}$Cr$_{0.0071}$,30,0,900,24,8,600,0,30,30,30,296,700,518,845,60
Fe$_{0.97103}$C$_{0.0038}$Mn$_{0.008}$Cu$_{0.0012}$Si$_{0.0027}$P$_{0.00015}$S$_{0.00012}$Mo$_{0.0016}$Ni$_{0.0007}$Cr$_{0.0107}$,30,0,870,24,8,550,0,30,30,30,150,1120,536,855,60
Fe$_{0.98485}$C$_{0.0056}$Mn$_{0.0037}$Cu$_{0.0011}$Si$_{0.0026}$P$_{0.00019}$S$_{0.00026}$Ni$_{0.0004}$Cr$_{0.0013}$,30,0,825,24,24,650,0,30,30,30,106,660,398,825,60
Fe$_{0.97369}$C$_{0.0021}$Mn$_{0.0076}$Cu$_{0.0014}$Si$_{0.003}$P$_{0.00021}$Mo$_{0.0003}$Ni$_{0.0008}$Cr$_{0.0109}$,0,529.8,930,0.5,0,160,70.2,140,930,895.812,420,460,876,30,120
Fe$_{0.97871}$C$_{0.004}$Mn$_{0.0138}$Cu$_{0.0002}$Si$_{0.0025}$P$_{0.00017}$S$_{0.00012}$Ni$_{0.0002}$Cr$_{0.0003}$,30,0,870,24,8,600,0,30,30,30,238,1740,443,845,60
Fe$_{0.95347}$C$_{0.0032}$Mn$_{0.0052}$Cu$_{0.0006}$Si$_{0.003}$P$_{0.00013}$Ni$_{0.0267}$Cr$_{0.0077}$,30,0,900,24,8,650,0,30,30,30,311,1740,497,845,60
Fe$_{0.9834}$C$_{0.0038}$Mn$_{0.007}$Cu$_{0.0011}$Si$_{0.0029}$S$_{0.0003}$Ni$_{0.0006}$Cr$_{0.0009}$,30,0,865,24,24,550,0,30,30,30,17,610,426,865,60
Fe$_{0.96154}$C$_{0.0045}$Mn$_{0.0079}$Cu$_{0.0005}$Si$_{0.0016}$S$_{0.00016}$Ni$_{0.0165}$Cr$_{0.0073}$,30,0,870,24,8,680,0,30,30,30,369,640,477,845,60
Fe$_{0.97111}$C$_{0.0039}$Mn$_{0.0086}$Cu$_{0.0012}$Si$_{0.0027}$P$_{0.00019}$Mo$_{0.0017}$Ni$_{0.001}$Cr$_{0.0096}$,30,0,870,24,8,600,0,30,30,30,196,500,539,855,60
Fe$_{0.98367}$C$_{0.0036}$Mn$_{0.007}$Cu$_{0.0009}$Si$_{0.0026}$S$_{0.00023}$Ni$_{0.0008}$Cr$_{0.0012}$,30,0,865,24,24,650,0,30,30,30,39,610,338,865,60
Fe$_{0.97288}$C$_{0.0041}$Mn$_{0.0074}$Cu$_{0.0008}$Si$_{0.0025}$P$_{0.00013}$S$_{0.00019}$Mo$_{0.0016}$Ni$_{0.0005}$Cr$_{0.0099}$,30,0,870,24,8,550,0,30,30,30,185,700,566,855,60
Fe$_{0.98607}$C$_{0.0035}$Mn$_{0.0077}$Cu$_{0.0002}$Si$_{0.0021}$P$_{0.00021}$S$_{0.00022}$,30,0,865,24,24,600,0,30,30,30,24,825,382,865,60
Fe$_{0.97169}$C$_{0.0021}$Mn$_{0.0081}$Cu$_{0.0007}$Si$_{0.0031}$P$_{0.00012}$S$_{0.00019}$Mo$_{0.0017}$Ni$_{0.0006}$Cr$_{0.0117}$,0,90,930,0.5,0,160,49.8,60,930,881.807,426,690,1074,30,120
Fe$_{0.98414}$C$_{0.0037}$Mn$_{0.0078}$Cu$_{0.0002}$Si$_{0.0027}$P$_{0.00016}$S$_{0.0002}$Cr$_{0.0011}$,30,0,865,24,24,600,0,30,30,30,32,1270,393,865,60
Fe$_{0.9523}$C$_{0.0034}$Mn$_{0.0065}$Cu$_{0.0005}$Si$_{0.0026}$Ni$_{0.0263}$Cr$_{0.0084}$,30,0,900,24,8,550,0,30,30,30,289,700,549,845,60
Fe$_{0.97099}$C$_{0.004}$Mn$_{0.0074}$Cu$_{0.0015}$Si$_{0.0026}$P$_{0.00024}$S$_{0.00017}$Mo$_{0.0017}$Ni$_{0.0013}$Cr$_{0.0101}$,30,0,870,24,8,650,0,30,30,30,220,500,496,855,60
Fe$_{0.97288}$C$_{0.0041}$Mn$_{0.0074}$Cu$_{0.0008}$Si$_{0.0025}$P$_{0.00013}$S$_{0.00019}$Mo$_{0.0016}$Ni$_{0.0005}$Cr$_{0.0099}$,30,0,870,24,8,600,0,30,30,30,200,700,527,855,60
Fe$_{0.98155}$C$_{0.0053}$Mn$_{0.0083}$Si$_{0.003}$P$_{0.00019}$S$_{0.00026}$Ni$_{0.0002}$Cr$_{0.0012}$,30,0,825,24,24,650,0,30,30,30,109,1270,415,825,60
Fe$_{0.97234}$C$_{0.0062}$Mn$_{0.0088}$Cu$_{0.0012}$Si$_{0.0029}$P$_{0.00026}$Mo$_{0.0003}$Ni$_{0.0005}$Cr$_{0.0075}$,30,0,845,24,8,420,0,30,30,30,380,796,768,845,60
Fe$_{0.9752}$C$_{0.0042}$Mn$_{0.0072}$Si$_{0.0022}$P$_{0.00016}$S$_{0.00014}$Ni$_{0.0003}$Cr$_{0.0106}$,30,0,870,24,8,550,0,30,30,30,117,1740,569,855,60
Fe$_{0.9829}$C$_{0.0045}$Mn$_{0.0071}$Cu$_{0.0013}$Si$_{0.0024}$Ni$_{0.0012}$Cr$_{0.0006}$,30,0,845,24,24,650,0,30,30,30,72,610,398,845,60
Fe$_{0.9834}$C$_{0.0055}$Mn$_{0.0076}$Si$_{0.0023}$P$_{0.00018}$S$_{0.00012}$Cr$_{0.0009}$,30,0,825,24,24,650,0,30,30,30,103,1740,419,825,60
Fe$_{0.9753}$C$_{0.0063}$Mn$_{0.0077}$Cu$_{0.0002}$Si$_{0.0017}$P$_{0.00026}$S$_{0.00014}$Ni$_{0.0003}$Cr$_{0.0081}$,30,0,845,24,8,420,0,30,30,30,379,289,855,845,60
Fe$_{0.97545}$C$_{0.0039}$Mn$_{0.0157}$Cu$_{0.0006}$Si$_{0.0022}$P$_{0.00017}$S$_{0.00018}$Ni$_{0.0005}$Cr$_{0.0013}$,30,0,870,24,8,550,0,30,30,30,225,480,486,845,60
Fe$_{0.96251}$C$_{0.006}$Mn$_{0.0085}$Cu$_{0.0012}$Si$_{0.0196}$P$_{0.00019}$Ni$_{0.0005}$Cr$_{0.0015}$,30,0,845,24,8,430,0,30,30,30,372,721,781,845,60
Fe$_{0.97469}$C$_{0.0023}$Mn$_{0.008}$Cu$_{0.0007}$Si$_{0.002}$P$_{0.00013}$S$_{0.00018}$Mo$_{0.0002}$Ni$_{0.0004}$Cr$_{0.0114}$,0,499.8,930,0.5,0,200,70.2,60,930,895.812,424,690,1120,30,120
Fe$_{0.97103}$C$_{0.0038}$Mn$_{0.008}$Cu$_{0.0012}$Si$_{0.0027}$P$_{0.00015}$S$_{0.00012}$Mo$_{0.0016}$Ni$_{0.0007}$Cr$_{0.0107}$,30,0,870,24,8,600,0,30,30,30,164,1120,592,855,60
Fe$_{0.97153}$C$_{0.0037}$Mn$_{0.0076}$Cu$_{0.0012}$Si$_{0.0029}$P$_{0.00017}$Mo$_{0.0016}$Ni$_{0.0012}$Cr$_{0.0101}$,30,0,870,24,8,550,0,30,30,30,149,500,573,855,60
Fe$_{0.95787}$C$_{0.004}$Mn$_{0.0073}$Cu$_{0.0008}$Si$_{0.0033}$P$_{0.00011}$S$_{0.00012}$Mo$_{0.002}$Ni$_{0.0171}$Cr$_{0.0074}$,30,0,870,24,8,630,0,30,30,30,331,1290,542,845,60
Fe$_{0.9748}$C$_{0.0041}$Mn$_{0.0151}$Cu$_{0.0008}$Si$_{0.0024}$P$_{0.0002}$Ni$_{0.0004}$Cr$_{0.0022}$,30,0,870,24,8,650,0,30,30,30,243,610,380,845,60
Fe$_{0.97538}$C$_{0.0041}$Mn$_{0.0158}$Cu$_{0.0005}$Si$_{0.0022}$P$_{0.00014}$S$_{0.00018}$Ni$_{0.0004}$Cr$_{0.0013}$,30,0,870,24,8,650,0,30,30,30,281,480,399,845,60
Fe$_{0.9534}$C$_{0.0033}$Mn$_{0.0049}$Cu$_{0.0006}$Si$_{0.003}$Ni$_{0.0266}$Cr$_{0.0082}$,30,0,900,24,8,650,0,30,30,30,307,820,476,845,60
Fe$_{0.97276}$C$_{0.0046}$Mn$_{0.0149}$Cu$_{0.001}$Si$_{0.003}$P$_{0.00014}$Ni$_{0.001}$Cr$_{0.0026}$,30,0,870,24,8,650,0,30,30,30,279,1100,460,845,60
Fe$_{0.974}$C$_{0.0045}$Mn$_{0.0158}$Cu$_{0.0008}$Si$_{0.0033}$Ni$_{0.0006}$Cr$_{0.001}$,30,0,870,24,8,550,0,30,30,30,251,740,477,845,60
Fe$_{0.98859}$C$_{0.0027}$Mn$_{0.0054}$Cu$_{0.0002}$Si$_{0.0025}$P$_{0.0002}$S$_{0.00021}$Cr$_{0.0002}$,0,0,885,0,0,30,0,30,30,30,8,1740,245,30,0
Fe$_{0.9741}$C$_{0.004}$Mn$_{0.007}$Cu$_{0.0012}$Si$_{0.0022}$Mo$_{0.0017}$Ni$_{0.0004}$Cr$_{0.0094}$,30,0,870,24,8,550,0,30,30,30,192,820,625,855,60
Fe$_{0.96114}$C$_{0.0047}$Mn$_{0.0076}$Cu$_{0.0006}$Si$_{0.0019}$P$_{0.00013}$S$_{0.00013}$Ni$_{0.0167}$Cr$_{0.0071}$,30,0,870,24,8,580,0,30,30,30,355,640,615,845,60
Fe$_{0.95865}$C$_{0.0049}$Mn$_{0.0069}$Cu$_{0.0007}$Si$_{0.0029}$P$_{0.00014}$S$_{0.00011}$Ni$_{0.018}$Cr$_{0.0077}$,30,0,870,24,8,630,0,30,30,30,365,820,543,845,60
Fe$_{0.98511}$C$_{0.0035}$Mn$_{0.0082}$Si$_{0.0025}$P$_{0.00016}$S$_{0.00023}$Ni$_{0.0003}$,30,0,865,24,24,550,0,30,30,30,21,825,395,865,60
Fe$_{0.9604}$C$_{0.0043}$Mn$_{0.0068}$Cu$_{0.0009}$Si$_{0.0026}$P$_{0.00012}$S$_{0.00018}$Mo$_{0.0017}$Ni$_{0.0162}$Cr$_{0.0068}$,30,0,870,24,8,630,0,30,30,30,339,590,550,845,60
Fe$_{0.9532}$C$_{0.0032}$Mn$_{0.0049}$Cu$_{0.0009}$Si$_{0.003}$Ni$_{0.0266}$Cr$_{0.0082}$,30,0,900,24,8,600,0,30,30,30,292,610,510,845,60
Fe$_{0.95865}$C$_{0.0049}$Mn$_{0.0069}$Cu$_{0.0007}$Si$_{0.0029}$P$_{0.00014}$S$_{0.00011}$Ni$_{0.018}$Cr$_{0.0077}$,30,0,870,24,8,580,0,30,30,30,359,820,585,845,60
Fe$_{0.97369}$C$_{0.0021}$Mn$_{0.0076}$Cu$_{0.0014}$Si$_{0.003}$P$_{0.00021}$Mo$_{0.0003}$Ni$_{0.0008}$Cr$_{0.0109}$,0,100.2,930,0.5,0,160,34.8,60,930,895.517,414,460,854,30,120
Fe$_{0.97435}$C$_{0.0033}$Mn$_{0.0069}$Cu$_{0.0005}$Si$_{0.0027}$P$_{0.00015}$Mo$_{0.0018}$Ni$_{0.0004}$Cr$_{0.0099}$,30,0,870,24,8,550,0,30,30,30,147,640,585,855,60
Fe$_{0.98335}$C$_{0.0047}$Mn$_{0.0072}$Cu$_{0.0004}$Si$_{0.0025}$P$_{0.00015}$Ni$_{0.0013}$Cr$_{0.0004}$,30,0,845,24,24,650,0,30,30,30,76,610,396,845,60
Fe$_{0.9829}$C$_{0.0049}$Mn$_{0.008}$Si$_{0.0026}$P$_{0.00027}$S$_{0.00023}$Ni$_{0.0002}$Cr$_{0.0009}$,30,0,845,24,24,600,0,30,30,30,67,1270,468,845,60
Fe$_{0.95974}$C$_{0.0038}$Mn$_{0.0071}$Cu$_{0.0012}$Si$_{0.0026}$P$_{0.00016}$Mo$_{0.0016}$Ni$_{0.0166}$Cr$_{0.0072}$,30,0,870,24,8,580,0,30,30,30,319,590,588,845,60
Fe$_{0.97452}$C$_{0.0019}$Mn$_{0.0077}$Cu$_{0.0016}$Si$_{0.0021}$P$_{0.00017}$S$_{0.00011}$Mo$_{0.0005}$Ni$_{0.0012}$Cr$_{0.0102}$,0,499.8,930,0.5,0,160,70.2,60,930,895.812,419,390,900,30,120
Fe$_{0.96154}$C$_{0.0045}$Mn$_{0.0079}$Cu$_{0.0005}$Si$_{0.0016}$S$_{0.00016}$Ni$_{0.0165}$Cr$_{0.0073}$,30,0,870,24,8,580,0,30,30,30,357,640,596,845,60
Fe$_{0.97167}$C$_{0.0036}$Mn$_{0.0073}$Cu$_{0.0019}$Si$_{0.003}$P$_{0.00017}$S$_{0.00016}$Mo$_{0.0016}$Ni$_{0.0005}$Cr$_{0.0101}$,30,0,870,24,8,650,0,30,30,30,166,820,497,855,60
Fe$_{0.95797}$C$_{0.0038}$Mn$_{0.0071}$Cu$_{0.0004}$Si$_{0.0026}$P$_{0.00016}$S$_{0.00017}$Mo$_{0.0023}$Ni$_{0.018}$Cr$_{0.0075}$,30,0,870,24,8,680,0,30,30,30,344,5530,483,845,60
Fe$_{0.95789}$C$_{0.004}$Mn$_{0.007}$Cu$_{0.0009}$Si$_{0.0023}$P$_{0.00011}$Mo$_{0.0018}$Ni$_{0.0182}$Cr$_{0.0078}$,30,0,870,24,8,580,0,30,30,30,313,740,590,845,60
Fe$_{0.98511}$C$_{0.0035}$Mn$_{0.0082}$Si$_{0.0025}$P$_{0.00016}$S$_{0.00023}$Ni$_{0.0003}$,30,0,865,24,24,600,0,30,30,30,33,825,375,865,60
Fe$_{0.97001}$C$_{0.0061}$Mn$_{0.0087}$Cu$_{0.002}$Si$_{0.0028}$P$_{0.00019}$S$_{0.0002}$Mo$_{0.0005}$Ni$_{0.0008}$Cr$_{0.0087}$,30,0,845,24,8,420,0,30,30,30,378,622,794,845,60
Fe$_{0.97393}$C$_{0.0043}$Mn$_{0.0138}$Cu$_{0.001}$Si$_{0.0034}$P$_{0.00017}$Ni$_{0.0008}$Cr$_{0.0026}$,30,0,870,24,8,600,0,30,30,30,259,1100,502,845,60
Fe$_{0.97675}$C$_{0.0042}$Mn$_{0.0151}$Si$_{0.0021}$P$_{0.00026}$S$_{0.00019}$Ni$_{0.0002}$Cr$_{0.0012}$,30,0,870,24,8,600,0,30,30,30,262,1510,497,845,60
Fe$_{0.97338}$C$_{0.0023}$Mn$_{0.0085}$Cu$_{0.0007}$Si$_{0.0029}$P$_{0.00011}$S$_{0.00011}$Mo$_{0.0016}$Ni$_{0.0044}$Cr$_{0.006}$,0,510,930,0.5,0,160,45,140,930,903.333,409,440,1033,30,120
Fe$_{0.98219}$C$_{0.0052}$Mn$_{0.0083}$Cu$_{0.0002}$Si$_{0.0029}$P$_{0.00016}$S$_{0.00025}$Ni$_{0.0004}$Cr$_{0.0004}$,30,0,825,24,24,650,0,30,30,30,105,825,402,825,60
Fe$_{0.95302}$C$_{0.003}$Mn$_{0.0053}$Cu$_{0.0007}$Si$_{0.0027}$P$_{0.00018}$Ni$_{0.027}$Cr$_{0.0081}$,30,0,900,24,8,550,0,30,30,30,290,820,522,845,60
Fe$_{0.9829}$C$_{0.0049}$Mn$_{0.008}$Si$_{0.0026}$P$_{0.00027}$S$_{0.00023}$Ni$_{0.0002}$Cr$_{0.0009}$,30,0,845,24,24,550,0,30,30,30,56,1270,504,845,60
Fe$_{0.97201}$C$_{0.0041}$Mn$_{0.0077}$Cu$_{0.0005}$Si$_{0.0024}$P$_{0.00014}$S$_{0.00015}$Mo$_{0.002}$Ni$_{0.0004}$Cr$_{0.0106}$,30,0,870,24,8,600,0,30,30,30,195,530,551,855,60
Fe$_{0.96684}$C$_{0.0017}$Mn$_{0.0055}$Cu$_{0.0005}$Si$_{0.0028}$S$_{0.00016}$Mo$_{0.0016}$Ni$_{0.0164}$Cr$_{0.0045}$,0,139.8,930,0.5,0,160,15,60,930,850,392,440,1002,30,120
Fe$_{0.96323}$C$_{0.0059}$Mn$_{0.0092}$Si$_{0.0199}$P$_{0.00027}$Cr$_{0.0015}$,30,0,845,24,8,500,0,30,30,30,376,1228,678,845,60
Fe$_{0.97385}$C$_{0.0043}$Mn$_{0.0074}$Cu$_{0.0002}$Si$_{0.0024}$P$_{0.00022}$S$_{0.00013}$Ni$_{0.0003}$Cr$_{0.0112}$,30,0,870,24,8,550,0,30,30,30,114,1740,582,855,60
Fe$_{0.97188}$C$_{0.0034}$Mn$_{0.0071}$Cu$_{0.0012}$Si$_{0.0029}$P$_{0.00019}$S$_{0.00013}$Mo$_{0.0016}$Ni$_{0.0011}$Cr$_{0.0105}$,30,0,870,24,8,600,0,30,30,30,165,500,524,855,60
Fe$_{0.98285}$C$_{0.0057}$Mn$_{0.0074}$Cu$_{0.0002}$Si$_{0.0023}$P$_{0.00018}$S$_{0.00017}$Cr$_{0.0012}$,30,0,825,24,24,550,0,30,30,30,86,1740,522,825,60
Fe$_{0.98583}$C$_{0.0032}$Mn$_{0.0063}$Cu$_{0.0008}$Si$_{0.0021}$S$_{0.00017}$Ni$_{0.0006}$Cr$_{0.001}$,30,0,865,24,24,650,0,30,30,30,47,610,325,865,60
Fe$_{0.97436}$C$_{0.0037}$Mn$_{0.0069}$Cu$_{0.0002}$Si$_{0.0024}$P$_{0.00018}$S$_{0.00016}$Mo$_{0.0019}$Ni$_{0.0002}$Cr$_{0.01}$,30,0,870,24,8,600,0,30,30,30,202,1740,551,855,60
Fe$_{0.9761}$C$_{0.0042}$Mn$_{0.015}$Cu$_{0.0005}$Si$_{0.0023}$Ni$_{0.0004}$Cr$_{0.0015}$,30,0,870,24,8,650,0,30,30,30,270,820,411,845,60
Fe$_{0.95328}$C$_{0.004}$Mn$_{0.0079}$Cu$_{0.0005}$Si$_{0.0029}$P$_{0.00022}$Mo$_{0.0024}$Ni$_{0.0192}$Cr$_{0.0096}$,30,0,870,24,8,680,0,30,30,30,342,420,490,845,60
Fe$_{0.97209}$C$_{0.0043}$Mn$_{0.0074}$Cu$_{0.0002}$Si$_{0.0026}$P$_{0.00019}$S$_{0.00012}$Mo$_{0.0022}$Ni$_{0.0002}$Cr$_{0.0107}$,30,0,870,24,8,550,0,30,30,30,182,1740,625,855,60
Fe$_{0.98484}$C$_{0.0033}$Mn$_{0.0076}$Cu$_{0.0003}$Si$_{0.0026}$P$_{0.00023}$S$_{0.00013}$Cr$_{0.001}$,30,0,865,24,24,650,0,30,30,30,42,1270,385,865,60
Fe$_{0.98469}$C$_{0.0035}$Mn$_{0.0074}$Si$_{0.003}$P$_{0.00017}$S$_{0.00024}$Cr$_{0.001}$,30,0,865,24,24,600,0,30,30,30,25,1270,385,865,60
Fe$_{0.9726}$C$_{0.0034}$Mn$_{0.0072}$Cu$_{0.001}$Si$_{0.0025}$P$_{0.00019}$S$_{0.00011}$Mo$_{0.0017}$Ni$_{0.0012}$Cr$_{0.0101}$,30,0,870,24,8,650,0,30,30,30,170,500,459,855,60
Fe$_{0.96136}$C$_{0.0053}$Mn$_{0.0068}$Cu$_{0.0026}$Si$_{0.0151}$P$_{0.00013}$S$_{0.00011}$Mo$_{0.0005}$Ni$_{0.0013}$Cr$_{0.0068}$,30,0,845,24,8,430,0,30,30,30,386,622,700,845,60
Fe$_{0.98496}$C$_{0.0042}$Mn$_{0.007}$Si$_{0.0026}$P$_{0.00024}$Cr$_{0.001}$,30,0,845,24,24,550,0,30,30,30,58,1270,452,845,60
Fe$_{0.96519}$C$_{0.0053}$Mn$_{0.0069}$Si$_{0.0149}$P$_{0.00011}$Ni$_{0.0002}$Cr$_{0.0074}$,30,0,845,24,8,430,0,30,30,30,384,925,874,845,60
Fe$_{0.97222}$C$_{0.004}$Mn$_{0.0077}$Cu$_{0.0013}$Si$_{0.0026}$P$_{0.00018}$Mo$_{0.0017}$Ni$_{0.0005}$Cr$_{0.0098}$,30,0,870,24,8,650,0,30,30,30,213,610,494,855,60
Fe$_{0.95347}$C$_{0.0032}$Mn$_{0.0052}$Cu$_{0.0006}$Si$_{0.003}$P$_{0.00013}$Ni$_{0.0267}$Cr$_{0.0077}$,30,0,900,24,8,600,0,30,30,30,301,1740,540,845,60
Fe$_{0.97001}$C$_{0.0061}$Mn$_{0.0087}$Cu$_{0.002}$Si$_{0.0028}$P$_{0.00019}$S$_{0.0002}$Mo$_{0.0005}$Ni$_{0.0008}$Cr$_{0.0087}$,30,0,845,24,8,490,0,30,30,30,381,622,745,845,60
Fe$_{0.98414}$C$_{0.0037}$Mn$_{0.0078}$Cu$_{0.0002}$Si$_{0.0027}$P$_{0.00016}$S$_{0.0002}$Cr$_{0.0011}$,30,0,865,24,24,650,0,30,30,30,44,1270,368,865,60
Fe$_{0.9532}$C$_{0.0032}$Mn$_{0.0049}$Cu$_{0.0009}$Si$_{0.003}$Ni$_{0.0266}$Cr$_{0.0082}$,30,0,900,24,8,650,0,30,30,30,302,610,490,845,60
Fe$_{0.95311}$C$_{0.0028}$Mn$_{0.0053}$Cu$_{0.0005}$Si$_{0.0027}$P$_{0.00019}$Ni$_{0.0267}$Cr$_{0.0087}$,30,0,900,24,8,600,0,30,30,30,298,420,537,845,60
Fe$_{0.98288}$C$_{0.0052}$Mn$_{0.008}$Cu$_{0.0002}$Si$_{0.0021}$P$_{0.00021}$S$_{0.00021}$Ni$_{0.0002}$Cr$_{0.001}$,30,0,825,24,24,650,0,30,30,30,112,1740,410,825,60
Fe$_{0.98485}$C$_{0.0056}$Mn$_{0.0037}$Cu$_{0.0011}$Si$_{0.0026}$P$_{0.00019}$S$_{0.00026}$Ni$_{0.0004}$Cr$_{0.0013}$,30,0,825,24,24,600,0,30,30,30,95,660,458,825,60
Fe$_{0.97338}$C$_{0.002}$Mn$_{0.0077}$Cu$_{0.002}$Si$_{0.0032}$P$_{0.00024}$S$_{0.00028}$Mo$_{0.0019}$Ni$_{0.0046}$Cr$_{0.0047}$,0,130.2,930,0.5,0,160,25.2,60,930,882.381,402,390,927,30,120
Fe$_{0.96114}$C$_{0.0047}$Mn$_{0.0076}$Cu$_{0.0006}$Si$_{0.0019}$P$_{0.00013}$S$_{0.00013}$Ni$_{0.0167}$Cr$_{0.0071}$,30,0,870,24,8,680,0,30,30,30,367,640,476,845,60
Fe$_{0.9861}$C$_{0.0033}$Mn$_{0.0075}$Cu$_{0.0002}$Si$_{0.0021}$P$_{0.00031}$S$_{0.00019}$Cr$_{0.0003}$,30,0,865,24,24,650,0,30,30,30,40,825,362,865,60
Fe$_{0.97415}$C$_{0.0041}$Mn$_{0.0136}$Cu$_{0.001}$Si$_{0.0034}$P$_{0.0002}$S$_{0.00015}$Ni$_{0.0007}$Cr$_{0.0027}$,30,0,870,24,8,600,0,30,30,30,264,1100,497,845,60
Fe$_{0.98575}$C$_{0.0037}$Mn$_{0.0072}$Cu$_{0.0002}$Si$_{0.0024}$P$_{0.00015}$S$_{0.0002}$Ni$_{0.0002}$Cr$_{0.0002}$,30,0,865,24,24,650,0,30,30,30,46,1740,365,865,60
Fe$_{0.97286}$C$_{0.004}$Mn$_{0.0079}$Cu$_{0.0004}$Si$_{0.0032}$P$_{0.00013}$S$_{0.00011}$Ni$_{0.0005}$Cr$_{0.0109}$,30,0,870,24,8,650,0,30,30,30,137,1120,483,855,60
Fe$_{0.96368}$C$_{0.0023}$Mn$_{0.0051}$Cu$_{0.0011}$Si$_{0.0035}$S$_{0.00012}$Mo$_{0.0018}$Ni$_{0.0169}$Cr$_{0.0055}$,0,540,930,0.5,0,160,15,140,930,850,397,860,1190,30,120
Fe$_{0.95311}$C$_{0.0028}$Mn$_{0.0053}$Cu$_{0.0005}$Si$_{0.0027}$P$_{0.00019}$Ni$_{0.0267}$Cr$_{0.0087}$,30,0,900,24,8,550,0,30,30,30,288,420,576,845,60
Fe$_{0.97284}$C$_{0.0036}$Mn$_{0.0081}$Cu$_{0.0008}$Si$_{0.0023}$P$_{0.00014}$S$_{0.00022}$Mo$_{0.0016}$Ni$_{0.0005}$Cr$_{0.0099}$,30,0,870,24,8,650,0,30,30,30,169,530,464,855,60
Fe$_{0.95974}$C$_{0.0038}$Mn$_{0.0071}$Cu$_{0.0012}$Si$_{0.0026}$P$_{0.00016}$Mo$_{0.0016}$Ni$_{0.0166}$Cr$_{0.0072}$,30,0,870,24,8,680,0,30,30,30,347,590,471,845,60
Fe$_{0.96323}$C$_{0.0059}$Mn$_{0.0092}$Si$_{0.0199}$P$_{0.00027}$Cr$_{0.0015}$,30,0,845,24,8,430,0,30,30,30,373,1228,698,845,60
Fe$_{0.97369}$C$_{0.0021}$Mn$_{0.0076}$Cu$_{0.0014}$Si$_{0.003}$P$_{0.00021}$Mo$_{0.0003}$Ni$_{0.0008}$Cr$_{0.0109}$,0,499.8,930,0.5,0,200,70.2,60,930,895.812,423,460,873,30,120
Fe$_{0.95868}$C$_{0.0038}$Mn$_{0.007}$Cu$_{0.0007}$Si$_{0.0029}$P$_{0.00012}$Mo$_{0.0019}$Ni$_{0.0175}$Cr$_{0.0074}$,30,0,870,24,8,680,0,30,30,30,350,820,483,845,60
Fe$_{0.95627}$C$_{0.0041}$Mn$_{0.0074}$Cu$_{0.0012}$Si$_{0.0029}$P$_{0.00013}$Mo$_{0.0022}$Ni$_{0.0184}$Cr$_{0.0074}$,30,0,870,24,8,580,0,30,30,30,320,820,550,845,60
Fe$_{0.95789}$C$_{0.004}$Mn$_{0.007}$Cu$_{0.0009}$Si$_{0.0023}$P$_{0.00011}$Mo$_{0.0018}$Ni$_{0.0182}$Cr$_{0.0078}$,30,0,870,24,8,630,0,30,30,30,327,740,543,845,60
Fe$_{0.96684}$C$_{0.0017}$Mn$_{0.0055}$Cu$_{0.0005}$Si$_{0.0028}$S$_{0.00016}$Mo$_{0.0016}$Ni$_{0.0164}$Cr$_{0.0045}$,0,540,930,0.5,0,160,15,140,930,850,398,440,935,30,120
Fe$_{0.95392}$C$_{0.0032}$Mn$_{0.0054}$Cu$_{0.0005}$Si$_{0.0029}$P$_{0.00018}$Ni$_{0.0264}$Cr$_{0.0075}$,30,0,900,24,8,600,0,30,30,30,294,420,517,845,60
Fe$_{0.95998}$C$_{0.0039}$Mn$_{0.0077}$Cu$_{0.0007}$Si$_{0.0019}$S$_{0.00012}$Mo$_{0.0018}$Ni$_{0.0167}$Cr$_{0.0072}$,30,0,870,24,8,630,0,30,30,30,326,640,551,845,60
Fe$_{0.95837}$C$_{0.0042}$Mn$_{0.0073}$Cu$_{0.0009}$Si$_{0.0025}$P$_{0.00012}$S$_{0.00021}$Mo$_{0.0022}$Ni$_{0.0169}$Cr$_{0.0073}$,30,0,870,24,8,680,0,30,30,30,346,640,491,845,60
Fe$_{0.98219}$C$_{0.0052}$Mn$_{0.0083}$Cu$_{0.0002}$Si$_{0.0029}$P$_{0.00016}$S$_{0.00025}$Ni$_{0.0004}$Cr$_{0.0004}$,30,0,825,24,24,600,0,30,30,30,94,825,444,825,60
Fe$_{0.97224}$C$_{0.0036}$Mn$_{0.0074}$Cu$_{0.0012}$Si$_{0.0035}$P$_{0.00016}$S$_{0.0002}$Mo$_{0.0015}$Ni$_{0.0005}$Cr$_{0.0097}$,30,0,870,24,8,550,0,30,30,30,143,740,572,855,60
Fe$_{0.97221}$C$_{0.0044}$Mn$_{0.0075}$Cu$_{0.0002}$Si$_{0.0026}$P$_{0.00017}$S$_{0.00012}$Mo$_{0.0021}$Ni$_{0.0002}$Cr$_{0.0105}$,30,0,870,24,8,650,0,30,30,30,224,1740,516,855,60
Fe$_{0.98288}$C$_{0.0052}$Mn$_{0.008}$Cu$_{0.0002}$Si$_{0.0021}$P$_{0.00021}$S$_{0.00021}$Ni$_{0.0002}$Cr$_{0.001}$,30,0,825,24,24,550,0,30,30,30,90,1740,505,825,60
Fe$_{0.98469}$C$_{0.0035}$Mn$_{0.0074}$Si$_{0.003}$P$_{0.00017}$S$_{0.00024}$Cr$_{0.001}$,30,0,865,24,24,550,0,30,30,30,13,1270,419,865,60
Fe$_{0.97198}$C$_{0.004}$Mn$_{0.0078}$Cu$_{0.0013}$Si$_{0.0031}$P$_{0.00012}$Ni$_{0.0007}$Cr$_{0.011}$,30,0,870,24,8,650,0,30,30,30,132,1120,482,855,60
Fe$_{0.97452}$C$_{0.0019}$Mn$_{0.0077}$Cu$_{0.0016}$Si$_{0.0021}$P$_{0.00017}$S$_{0.00011}$Mo$_{0.0005}$Ni$_{0.0012}$Cr$_{0.0102}$,0,499.8,930,0.5,0,200,70.2,60,930,895.812,425,390,898,30,120
Fe$_{0.97338}$C$_{0.0023}$Mn$_{0.0085}$Cu$_{0.0007}$Si$_{0.0029}$P$_{0.00011}$S$_{0.00011}$Mo$_{0.0016}$Ni$_{0.0044}$Cr$_{0.006}$,0,450,930,0.5,0,200,34.8,60,930,895.517,412,440,1009,30,120
Fe$_{0.98367}$C$_{0.0043}$Mn$_{0.0083}$Si$_{0.0022}$P$_{0.00017}$S$_{0.00016}$Cr$_{0.0012}$,30,0,845,24,24,600,0,30,30,30,66,1740,438,845,60
Fe$_{0.9753}$C$_{0.0063}$Mn$_{0.0077}$Cu$_{0.0002}$Si$_{0.0017}$P$_{0.00026}$S$_{0.00014}$Ni$_{0.0003}$Cr$_{0.0081}$,30,0,845,24,8,490,0,30,30,30,382,289,707,845,60
Fe$_{0.9772}$C$_{0.0041}$Mn$_{0.0148}$Cu$_{0.0006}$Si$_{0.0022}$Ni$_{0.0003}$Cr$_{0.0008}$,30,0,870,24,8,600,0,30,30,30,266,820,399,845,60
Fe$_{0.98073}$C$_{0.0054}$Mn$_{0.007}$Cu$_{0.0022}$Si$_{0.0027}$P$_{0.00017}$S$_{0.0002}$Ni$_{0.0006}$Cr$_{0.001}$,30,0,825,24,24,600,0,30,30,30,102,610,475,825,60
Fe$_{0.98388}$C$_{0.0044}$Mn$_{0.0082}$Cu$_{0.0002}$Si$_{0.0024}$P$_{0.00021}$S$_{0.00021}$Ni$_{0.0003}$Cr$_{0.0002}$,30,0,845,24,24,650,0,30,30,30,73,825,378,845,60
Fe$_{0.97276}$C$_{0.0046}$Mn$_{0.0149}$Cu$_{0.001}$Si$_{0.003}$P$_{0.00014}$Ni$_{0.001}$Cr$_{0.0026}$,30,0,870,24,8,550,0,30,30,30,255,1100,551,845,60
Fe$_{0.97288}$C$_{0.0041}$Mn$_{0.0074}$Cu$_{0.0008}$Si$_{0.0025}$P$_{0.00013}$S$_{0.00019}$Mo$_{0.0016}$Ni$_{0.0005}$Cr$_{0.0099}$,30,0,870,24,8,650,0,30,30,30,215,700,480,855,60
Fe$_{0.9544}$C$_{0.0032}$Mn$_{0.0058}$Cu$_{0.0006}$Si$_{0.0024}$Ni$_{0.0265}$Cr$_{0.0071}$,30,0,900,24,8,650,0,30,30,30,303,700,477,845,60
Fe$_{0.97201}$C$_{0.0041}$Mn$_{0.0077}$Cu$_{0.0005}$Si$_{0.0024}$P$_{0.00014}$S$_{0.00015}$Mo$_{0.002}$Ni$_{0.0004}$Cr$_{0.0106}$,30,0,870,24,8,550,0,30,30,30,180,530,610,855,60
Fe$_{0.9861}$C$_{0.0033}$Mn$_{0.0075}$Cu$_{0.0002}$Si$_{0.0021}$P$_{0.00031}$S$_{0.00019}$Cr$_{0.0003}$,30,0,865,24,24,600,0,30,30,30,28,825,377,865,60
Fe$_{0.97435}$C$_{0.0033}$Mn$_{0.0069}$Cu$_{0.0005}$Si$_{0.0027}$P$_{0.00015}$Mo$_{0.0018}$Ni$_{0.0004}$Cr$_{0.0099}$,30,0,870,24,8,650,0,30,30,30,175,640,467,855,60
Fe$_{0.98613}$C$_{0.0034}$Mn$_{0.0074}$Si$_{0.0026}$P$_{0.00012}$S$_{0.00015}$Cr$_{0.0002}$,30,0,865,24,24,600,0,30,30,30,26,1740,365,865,60
Fe$_{0.98144}$C$_{0.0057}$Mn$_{0.0082}$Si$_{0.003}$P$_{0.00024}$S$_{0.00022}$Ni$_{0.0002}$Cr$_{0.001}$,30,0,825,24,24,600,0,30,30,30,99,1270,486,825,60
Fe$_{0.95868}$C$_{0.0038}$Mn$_{0.007}$Cu$_{0.0007}$Si$_{0.0029}$P$_{0.00012}$Mo$_{0.0019}$Ni$_{0.0175}$Cr$_{0.0074}$,30,0,870,24,8,630,0,30,30,30,336,820,550,845,60
Fe$_{0.97167}$C$_{0.0036}$Mn$_{0.0073}$Cu$_{0.0019}$Si$_{0.003}$P$_{0.00017}$S$_{0.00016}$Mo$_{0.0016}$Ni$_{0.0005}$Cr$_{0.0101}$,30,0,870,24,8,550,0,30,30,30,138,820,587,855,60
Fe$_{0.96368}$C$_{0.0023}$Mn$_{0.0051}$Cu$_{0.0011}$Si$_{0.0035}$S$_{0.00012}$Mo$_{0.0018}$Ni$_{0.0169}$Cr$_{0.0055}$,0,469.8,930,0.5,0,200,15,60,930,850,400,860,1110,30,120
Fe$_{0.97469}$C$_{0.0023}$Mn$_{0.008}$Cu$_{0.0007}$Si$_{0.002}$P$_{0.00013}$S$_{0.00018}$Mo$_{0.0002}$Ni$_{0.0004}$Cr$_{0.0114}$,0,529.8,930,0.5,0,160,70.2,140,930,895.812,421,690,1068,30,120
Fe$_{0.97286}$C$_{0.004}$Mn$_{0.0079}$Cu$_{0.0004}$Si$_{0.0032}$P$_{0.00013}$S$_{0.00011}$Ni$_{0.0005}$Cr$_{0.0109}$,30,0,870,24,8,600,0,30,30,30,129,1120,503,855,60
Fe$_{0.95789}$C$_{0.004}$Mn$_{0.007}$Cu$_{0.0009}$Si$_{0.0023}$P$_{0.00011}$Mo$_{0.0018}$Ni$_{0.0182}$Cr$_{0.0078}$,30,0,870,24,8,680,0,30,30,30,341,740,482,845,60
Fe$_{0.97521}$C$_{0.0042}$Mn$_{0.016}$Cu$_{0.0007}$Si$_{0.0021}$P$_{0.00014}$S$_{0.00015}$Ni$_{0.0003}$Cr$_{0.0012}$,30,0,870,24,8,600,0,30,30,30,260,480,451,845,60
Fe$_{0.95868}$C$_{0.0038}$Mn$_{0.007}$Cu$_{0.0007}$Si$_{0.0029}$P$_{0.00012}$Mo$_{0.0019}$Ni$_{0.0175}$Cr$_{0.0074}$,30,0,870,24,8,580,0,30,30,30,322,820,604,845,60
Fe$_{0.97436}$C$_{0.0037}$Mn$_{0.0069}$Cu$_{0.0002}$Si$_{0.0024}$P$_{0.00018}$S$_{0.00016}$Mo$_{0.0019}$Ni$_{0.0002}$Cr$_{0.01}$,30,0,870,24,8,650,0,30,30,30,217,1740,504,855,60
Fe$_{0.97469}$C$_{0.0039}$Mn$_{0.0073}$Cu$_{0.0011}$Si$_{0.0025}$P$_{0.00011}$Ni$_{0.0006}$Cr$_{0.0098}$,30,0,870,24,8,600,0,30,30,30,126,820,511,855,60
Fe$_{0.96368}$C$_{0.0023}$Mn$_{0.0051}$Cu$_{0.0011}$Si$_{0.0035}$S$_{0.00012}$Mo$_{0.0018}$Ni$_{0.0169}$Cr$_{0.0055}$,0,469.8,930,0.5,0,160,15,60,930,850,394,860,1124,30,120
Fe$_{0.9752}$C$_{0.0042}$Mn$_{0.0072}$Si$_{0.0022}$P$_{0.00016}$S$_{0.00014}$Ni$_{0.0003}$Cr$_{0.0106}$,30,0,870,24,8,600,0,30,30,30,125,1740,517,855,60
Fe$_{0.98478}$C$_{0.0054}$Mn$_{0.0075}$Si$_{0.002}$P$_{0.00013}$S$_{0.00019}$,30,0,825,24,24,650,0,30,30,30,107,825,411,825,60
Fe$_{0.9544}$C$_{0.0032}$Mn$_{0.0058}$Cu$_{0.0006}$Si$_{0.0024}$Ni$_{0.0265}$Cr$_{0.0071}$,30,0,900,24,8,550,0,30,30,30,283,700,530,845,60
Fe$_{0.97777}$C$_{0.004}$Mn$_{0.0147}$Si$_{0.0025}$P$_{0.00027}$S$_{0.00016}$Ni$_{0.0002}$Cr$_{0.0004}$,30,0,870,24,8,550,0,30,30,30,253,1510,516,845,60
Fe$_{0.98073}$C$_{0.0054}$Mn$_{0.007}$Cu$_{0.0022}$Si$_{0.0027}$P$_{0.00017}$S$_{0.0002}$Ni$_{0.0006}$Cr$_{0.001}$,30,0,825,24,24,550,0,30,30,30,91,610,541,825,60
Fe$_{0.97424}$C$_{0.0042}$Mn$_{0.0158}$Cu$_{0.0007}$Si$_{0.0024}$P$_{0.00014}$S$_{0.00022}$Ni$_{0.0006}$Cr$_{0.0017}$,30,0,870,24,8,600,0,30,30,30,261,480,459,845,60
Fe$_{0.95328}$C$_{0.004}$Mn$_{0.0079}$Cu$_{0.0005}$Si$_{0.0029}$P$_{0.00022}$Mo$_{0.0024}$Ni$_{0.0192}$Cr$_{0.0096}$,30,0,870,24,8,630,0,30,30,30,328,420,543,845,60
Fe$_{0.98484}$C$_{0.0033}$Mn$_{0.0076}$Cu$_{0.0003}$Si$_{0.0026}$P$_{0.00023}$S$_{0.00013}$Cr$_{0.001}$,30,0,865,24,24,550,0,30,30,30,18,1270,454,865,60
Fe$_{0.97276}$C$_{0.0042}$Mn$_{0.0081}$Cu$_{0.0004}$Si$_{0.0032}$P$_{0.00014}$Ni$_{0.0003}$Cr$_{0.0109}$,30,0,870,24,8,550,0,30,30,30,119,1120,577,855,60
Fe$_{0.97188}$C$_{0.0034}$Mn$_{0.0071}$Cu$_{0.0012}$Si$_{0.0029}$P$_{0.00019}$S$_{0.00013}$Mo$_{0.0016}$Ni$_{0.0011}$Cr$_{0.0105}$,30,0,870,24,8,550,0,30,30,30,151,500,557,855,60
Fe$_{0.97198}$C$_{0.004}$Mn$_{0.0078}$Cu$_{0.0013}$Si$_{0.0031}$P$_{0.00012}$Ni$_{0.0007}$Cr$_{0.011}$,30,0,870,24,8,600,0,30,30,30,124,1120,516,855,60
Fe$_{0.97298}$C$_{0.0036}$Mn$_{0.0079}$Cu$_{0.0004}$Si$_{0.0027}$P$_{0.00012}$Mo$_{0.0017}$Ni$_{0.0003}$Cr$_{0.0103}$,30,0,870,24,8,650,0,30,30,30,168,1120,463,855,60
Fe$_{0.97034}$C$_{0.004}$Mn$_{0.0087}$Cu$_{0.0011}$Si$_{0.0025}$P$_{0.00011}$S$_{0.00015}$Mo$_{0.0018}$Ni$_{0.0007}$Cr$_{0.0106}$,30,0,870,24,8,650,0,30,30,30,221,700,501,855,60
Fe$_{0.95111}$C$_{0.0035}$Mn$_{0.0054}$Cu$_{0.0005}$Si$_{0.0026}$P$_{0.00019}$Ni$_{0.0278}$Cr$_{0.0089}$,30,0,900,24,8,600,0,30,30,30,295,420,540,845,60
Fe$_{0.98586}$C$_{0.0032}$Mn$_{0.0073}$Cu$_{0.0003}$Si$_{0.0026}$P$_{0.00015}$S$_{0.00019}$Ni$_{0.0002}$Cr$_{0.0002}$,30,0,865,24,24,600,0,30,30,30,31,1740,395,865,60
Fe$_{0.96007}$C$_{0.0061}$Mn$_{0.0086}$Cu$_{0.0012}$Si$_{0.0205}$P$_{0.00019}$S$_{0.00014}$Ni$_{0.0016}$Cr$_{0.0016}$,30,0,845,24,8,430,0,30,30,30,374,1455,906,845,60
Fe$_{0.98327}$C$_{0.0056}$Mn$_{0.0068}$Cu$_{0.0003}$Si$_{0.0025}$S$_{0.00023}$Ni$_{0.0003}$Cr$_{0.001}$,30,0,825,24,24,550,0,30,30,30,89,610,492,825,60
Fe$_{0.98607}$C$_{0.0035}$Mn$_{0.0077}$Cu$_{0.0002}$Si$_{0.0021}$P$_{0.00021}$S$_{0.00022}$,30,0,865,24,24,550,0,30,30,30,12,825,397,865,60
Fe$_{0.97316}$C$_{0.0018}$Mn$_{0.0076}$Cu$_{0.0012}$Si$_{0.0026}$S$_{0.00014}$Mo$_{0.0017}$Ni$_{0.0056}$Cr$_{0.0062}$,0,510,930,0.5,0,160,45,140,930,903.333,410,690,1080,30,120
Fe$_{0.95974}$C$_{0.0038}$Mn$_{0.0071}$Cu$_{0.0012}$Si$_{0.0026}$P$_{0.00016}$Mo$_{0.0016}$Ni$_{0.0166}$Cr$_{0.0072}$,30,0,870,24,8,630,0,30,30,30,333,590,531,845,60
Fe$_{0.96104}$C$_{0.0048}$Mn$_{0.007}$Cu$_{0.0011}$Si$_{0.002}$S$_{0.00016}$Ni$_{0.0166}$Cr$_{0.0073}$,30,0,870,24,8,630,0,30,30,30,364,640,543,845,60
Fe$_{0.9759}$C$_{0.004}$Mn$_{0.0156}$Cu$_{0.0005}$Si$_{0.0022}$P$_{0.00011}$S$_{0.00019}$Ni$_{0.0006}$Cr$_{0.0009}$,30,0,870,24,8,600,0,30,30,30,235,530,438,845,60
Fe$_{0.97028}$C$_{0.0042}$Mn$_{0.0077}$Cu$_{0.0009}$Si$_{0.0029}$P$_{0.00015}$S$_{0.00017}$Mo$_{0.0015}$Ni$_{0.0012}$Cr$_{0.011}$,30,0,870,24,8,550,0,30,30,30,188,500,582,855,60
Fe$_{0.98488}$C$_{0.0042}$Mn$_{0.0078}$Cu$_{0.0003}$Si$_{0.0022}$P$_{0.00022}$S$_{0.0002}$Cr$_{0.0002}$,30,0,845,24,24,650,0,30,30,30,74,825,372,845,60
Fe$_{0.98496}$C$_{0.0042}$Mn$_{0.007}$Si$_{0.0026}$P$_{0.00024}$Cr$_{0.001}$,30,0,845,24,24,650,0,30,30,30,80,1270,382,845,60
Fe$_{0.97675}$C$_{0.0042}$Mn$_{0.0151}$Si$_{0.0021}$P$_{0.00026}$S$_{0.00019}$Ni$_{0.0002}$Cr$_{0.0012}$,30,0,870,24,8,650,0,30,30,30,274,1510,438,845,60
Fe$_{0.98367}$C$_{0.0036}$Mn$_{0.007}$Cu$_{0.0009}$Si$_{0.0026}$S$_{0.00023}$Ni$_{0.0008}$Cr$_{0.0012}$,30,0,865,24,24,600,0,30,30,30,27,610,379,865,60
Fe$_{0.96019}$C$_{0.004}$Mn$_{0.007}$Cu$_{0.0008}$Si$_{0.0025}$P$_{0.00021}$S$_{0.0002}$Mo$_{0.0017}$Ni$_{0.0163}$Cr$_{0.0071}$,30,0,870,24,8,630,0,30,30,30,329,590,524,845,60
Fe$_{0.97169}$C$_{0.0021}$Mn$_{0.0081}$Cu$_{0.0007}$Si$_{0.0031}$P$_{0.00012}$S$_{0.00019}$Mo$_{0.0017}$Ni$_{0.0006}$Cr$_{0.0117}$,0,340.2,930,0.5,0,200,70.2,60,930,895.812,435,690,1104,30,120
Fe$_{0.97316}$C$_{0.0018}$Mn$_{0.0076}$Cu$_{0.0012}$Si$_{0.0026}$S$_{0.00014}$Mo$_{0.0017}$Ni$_{0.0056}$Cr$_{0.0062}$,0,130.2,930,0.5,0,160,25.2,60,930,882.381,404,690,986,30,120
Fe$_{0.97591}$C$_{0.0043}$Mn$_{0.0146}$Cu$_{0.0002}$Si$_{0.0026}$P$_{0.00012}$S$_{0.00017}$Ni$_{0.0002}$Cr$_{0.0019}$,30,0,870,24,8,650,0,30,30,30,280,1740,442,845,60
Fe$_{0.98414}$C$_{0.0037}$Mn$_{0.0078}$Cu$_{0.0002}$Si$_{0.0027}$P$_{0.00016}$S$_{0.0002}$Cr$_{0.0011}$,30,0,865,24,24,550,0,30,30,30,20,1270,416,865,60
Fe$_{0.9752}$C$_{0.0042}$Mn$_{0.0072}$Si$_{0.0022}$P$_{0.00016}$S$_{0.00014}$Ni$_{0.0003}$Cr$_{0.0106}$,30,0,870,24,8,650,0,30,30,30,133,1740,470,855,60
Fe$_{0.9668}$C$_{0.0053}$Mn$_{0.0075}$Cu$_{0.0006}$Si$_{0.0131}$Ni$_{0.0004}$Cr$_{0.0063}$,30,0,845,24,8,430,0,30,30,30,385,1455,829,845,60
Fe$_{0.96497}$C$_{0.0054}$Mn$_{0.0069}$Si$_{0.015}$P$_{0.00013}$Ni$_{0.0002}$Cr$_{0.0074}$,30,0,845,24,8,500,0,30,30,30,387,925,806,845,60
Fe$_{0.9595}$C$_{0.0044}$Mn$_{0.0074}$Cu$_{0.0009}$Si$_{0.0025}$Ni$_{0.0174}$Cr$_{0.0079}$,30,0,870,24,8,580,0,30,30,30,356,820,607,845,60
Fe$_{0.95627}$C$_{0.0041}$Mn$_{0.0074}$Cu$_{0.0012}$Si$_{0.0029}$P$_{0.00013}$Mo$_{0.0022}$Ni$_{0.0184}$Cr$_{0.0074}$,30,0,870,24,8,630,0,30,30,30,334,820,512,845,60
Fe$_{0.97508}$C$_{0.0038}$Mn$_{0.0159}$Cu$_{0.0005}$Si$_{0.0021}$P$_{0.00017}$S$_{0.00015}$Ni$_{0.0003}$Cr$_{0.002}$,30,0,870,24,8,550,0,30,30,30,230,480,432,845,60
Fe$_{0.95513}$C$_{0.0037}$Mn$_{0.0076}$Cu$_{0.0003}$Si$_{0.0029}$P$_{0.00017}$Mo$_{0.0024}$Ni$_{0.0188}$Cr$_{0.009}$,30,0,870,24,8,680,0,30,30,30,352,420,491,845,60
Fe$_{0.9829}$C$_{0.0045}$Mn$_{0.0071}$Cu$_{0.0013}$Si$_{0.0024}$Ni$_{0.0012}$Cr$_{0.0006}$,30,0,845,24,24,550,0,30,30,30,50,610,465,845,60
Fe$_{0.9523}$C$_{0.0034}$Mn$_{0.0065}$Cu$_{0.0005}$Si$_{0.0026}$Ni$_{0.0263}$Cr$_{0.0084}$,30,0,900,24,8,650,0,30,30,30,309,700,496,845,60
Fe$_{0.98607}$C$_{0.0035}$Mn$_{0.0077}$Cu$_{0.0002}$Si$_{0.0021}$P$_{0.00021}$S$_{0.00022}$,30,0,865,24,24,650,0,30,30,30,36,825,344,865,60
Fe$_{0.97387}$C$_{0.0035}$Mn$_{0.0071}$Cu$_{0.0002}$Si$_{0.0025}$P$_{0.0002}$S$_{0.00013}$Mo$_{0.0017}$Ni$_{0.0002}$Cr$_{0.0106}$,30,0,870,24,8,650,0,30,30,30,174,1740,496,855,60
Fe$_{0.95444}$C$_{0.0042}$Mn$_{0.0078}$Cu$_{0.0004}$Si$_{0.003}$P$_{0.00016}$Mo$_{0.0024}$Ni$_{0.019}$Cr$_{0.0086}$,30,0,870,24,8,580,0,30,30,30,323,420,619,845,60
Fe$_{0.97088}$C$_{0.004}$Mn$_{0.0074}$Cu$_{0.001}$Si$_{0.0025}$P$_{0.00014}$S$_{0.00028}$Mo$_{0.0018}$Ni$_{0.0024}$Cr$_{0.0096}$,30,0,870,24,8,600,0,30,30,30,208,510,577,855,60
Fe$_{0.97316}$C$_{0.0018}$Mn$_{0.0076}$Cu$_{0.0012}$Si$_{0.0026}$S$_{0.00014}$Mo$_{0.0017}$Ni$_{0.0056}$Cr$_{0.0062}$,0,450,930,0.5,0,160,34.8,60,930,895.517,407,690,1089,30,120
Fe$_{0.9532}$C$_{0.0032}$Mn$_{0.0049}$Cu$_{0.0009}$Si$_{0.003}$Ni$_{0.0266}$Cr$_{0.0082}$,30,0,900,24,8,550,0,30,30,30,282,610,563,845,60
Fe$_{0.98164}$C$_{0.0045}$Mn$_{0.0079}$Cu$_{0.0015}$Si$_{0.0025}$P$_{0.00011}$S$_{0.00025}$Ni$_{0.0012}$Cr$_{0.0004}$,30,0,845,24,24,650,0,30,30,30,79,610,398,845,60
Fe$_{0.98144}$C$_{0.0057}$Mn$_{0.0082}$Si$_{0.003}$P$_{0.00024}$S$_{0.00022}$Ni$_{0.0002}$Cr$_{0.001}$,30,0,825,24,24,550,0,30,30,30,88,1270,533,825,60
Fe$_{0.95837}$C$_{0.0042}$Mn$_{0.0073}$Cu$_{0.0009}$Si$_{0.0025}$P$_{0.00012}$S$_{0.00021}$Mo$_{0.0022}$Ni$_{0.0169}$Cr$_{0.0073}$,30,0,870,24,8,580,0,30,30,30,318,640,588,845,60
Fe$_{0.97436}$C$_{0.0037}$Mn$_{0.0069}$Cu$_{0.0002}$Si$_{0.0024}$P$_{0.00018}$S$_{0.00016}$Mo$_{0.0019}$Ni$_{0.0002}$Cr$_{0.01}$,30,0,870,24,8,550,0,30,30,30,187,1740,606,855,60
Fe$_{0.97369}$C$_{0.0018}$Mn$_{0.0079}$Cu$_{0.0008}$Si$_{0.0025}$P$_{0.00016}$S$_{0.00015}$Mo$_{0.0015}$Ni$_{0.0007}$Cr$_{0.0108}$,0,90,930,0.5,0,160,49.8,60,930,881.807,428,530,858,30,120
Fe$_{0.9534}$C$_{0.0033}$Mn$_{0.0049}$Cu$_{0.0006}$Si$_{0.003}$Ni$_{0.0266}$Cr$_{0.0082}$,30,0,900,24,8,600,0,30,30,30,297,820,523,845,60
Fe$_{0.95837}$C$_{0.0042}$Mn$_{0.0073}$Cu$_{0.0009}$Si$_{0.0025}$P$_{0.00012}$S$_{0.00021}$Mo$_{0.0022}$Ni$_{0.0169}$Cr$_{0.0073}$,30,0,870,24,8,630,0,30,30,30,332,640,531,845,60
Fe$_{0.97508}$C$_{0.0038}$Mn$_{0.0159}$Cu$_{0.0005}$Si$_{0.0021}$P$_{0.00017}$S$_{0.00015}$Ni$_{0.0003}$Cr$_{0.002}$,30,0,870,24,8,650,0,30,30,30,244,480,363,845,60
Fe$_{0.97222}$C$_{0.004}$Mn$_{0.0077}$Cu$_{0.0013}$Si$_{0.0026}$P$_{0.00018}$Mo$_{0.0017}$Ni$_{0.0005}$Cr$_{0.0098}$,30,0,870,24,8,550,0,30,30,30,183,610,562,855,60
Fe$_{0.97234}$C$_{0.0062}$Mn$_{0.0088}$Cu$_{0.0012}$Si$_{0.0029}$P$_{0.00026}$Mo$_{0.0003}$Ni$_{0.0005}$Cr$_{0.0075}$,30,0,845,24,8,490,0,30,30,30,383,796,718,845,60
Fe$_{0.95909}$C$_{0.0047}$Mn$_{0.0072}$Cu$_{0.0006}$Si$_{0.0028}$P$_{0.00011}$Ni$_{0.0176}$Cr$_{0.0079}$,30,0,870,24,8,630,0,30,30,30,360,740,551,845,60
Fe$_{0.97088}$C$_{0.004}$Mn$_{0.0074}$Cu$_{0.001}$Si$_{0.0025}$P$_{0.00014}$S$_{0.00028}$Mo$_{0.0018}$Ni$_{0.0024}$Cr$_{0.0096}$,30,0,870,24,8,650,0,30,30,30,223,510,523,855,60
Fe$_{0.98155}$C$_{0.0053}$Mn$_{0.0083}$Si$_{0.003}$P$_{0.00019}$S$_{0.00026}$Ni$_{0.0002}$Cr$_{0.0012}$,30,0,825,24,24,600,0,30,30,30,98,1270,466,825,60
Fe$_{0.97338}$C$_{0.0023}$Mn$_{0.0085}$Cu$_{0.0007}$Si$_{0.0029}$P$_{0.00011}$S$_{0.00011}$Mo$_{0.0016}$Ni$_{0.0044}$Cr$_{0.006}$,0,450,930,0.5,0,160,34.8,60,930,895.517,406,440,946,30,120
Fe$_{0.9726}$C$_{0.0034}$Mn$_{0.0072}$Cu$_{0.001}$Si$_{0.0025}$P$_{0.00019}$S$_{0.00011}$Mo$_{0.0017}$Ni$_{0.0012}$Cr$_{0.0101}$,30,0,870,24,8,550,0,30,30,30,142,500,535,855,60
Fe$_{0.9761}$C$_{0.0042}$Mn$_{0.015}$Cu$_{0.0005}$Si$_{0.0023}$Ni$_{0.0004}$Cr$_{0.0015}$,30,0,870,24,8,600,0,30,30,30,258,820,449,845,60
Fe$_{0.98306}$C$_{0.0045}$Mn$_{0.0079}$Cu$_{0.0002}$Si$_{0.0025}$P$_{0.00018}$S$_{0.00016}$Ni$_{0.0002}$Cr$_{0.0013}$,30,0,845,24,24,550,0,30,30,30,48,1740,513,845,60
Fe$_{0.98833}$C$_{0.0025}$Mn$_{0.0044}$Cu$_{0.0008}$Si$_{0.0018}$S$_{0.00017}$Ni$_{0.0008}$Cr$_{0.0012}$,0,0,885,0,0,30,0,30,30,30,2,610,235,30,0
Fe$_{0.98219}$C$_{0.0052}$Mn$_{0.0083}$Cu$_{0.0002}$Si$_{0.0029}$P$_{0.00016}$S$_{0.00025}$Ni$_{0.0004}$Cr$_{0.0004}$,30,0,825,24,24,550,0,30,30,30,83,825,489,825,60
Fe$_{0.9741}$C$_{0.004}$Mn$_{0.007}$Cu$_{0.0012}$Si$_{0.0022}$Mo$_{0.0017}$Ni$_{0.0004}$Cr$_{0.0094}$,30,0,870,24,8,650,0,30,30,30,222,820,517,855,60
Fe$_{0.97469}$C$_{0.0039}$Mn$_{0.0073}$Cu$_{0.0011}$Si$_{0.0025}$P$_{0.00011}$Ni$_{0.0006}$Cr$_{0.0098}$,30,0,870,24,8,550,0,30,30,30,118,820,536,855,60
Fe$_{0.9885}$C$_{0.0027}$Mn$_{0.0037}$Cu$_{0.0009}$Si$_{0.0023}$S$_{0.0003}$Ni$_{0.0006}$Cr$_{0.001}$,0,0,885,0,0,30,0,30,30,30,9,610,275,30,0
Fe$_{0.95787}$C$_{0.004}$Mn$_{0.0073}$Cu$_{0.0008}$Si$_{0.0033}$P$_{0.00011}$S$_{0.00012}$Mo$_{0.002}$Ni$_{0.0171}$Cr$_{0.0074}$,30,0,870,24,8,580,0,30,30,30,317,1290,591,845,60
Fe$_{0.98586}$C$_{0.0032}$Mn$_{0.0073}$Cu$_{0.0003}$Si$_{0.0026}$P$_{0.00015}$S$_{0.00019}$Ni$_{0.0002}$Cr$_{0.0002}$,30,0,865,24,24,650,0,30,30,30,43,1740,348,865,60
Fe$_{0.97871}$C$_{0.004}$Mn$_{0.0138}$Cu$_{0.0002}$Si$_{0.0025}$P$_{0.00017}$S$_{0.00012}$Ni$_{0.0002}$Cr$_{0.0003}$,30,0,870,24,8,550,0,30,30,30,231,1740,482,845,60
Fe$_{0.9595}$C$_{0.0044}$Mn$_{0.0074}$Cu$_{0.0009}$Si$_{0.0025}$Ni$_{0.0174}$Cr$_{0.0079}$,30,0,870,24,8,680,0,30,30,30,368,820,482,845,60
Fe$_{0.97209}$C$_{0.0043}$Mn$_{0.0074}$Cu$_{0.0002}$Si$_{0.0026}$P$_{0.00019}$S$_{0.00012}$Mo$_{0.0022}$Ni$_{0.0002}$Cr$_{0.0107}$,30,0,870,24,8,650,0,30,30,30,212,1740,511,855,60
Fe$_{0.97369}$C$_{0.0018}$Mn$_{0.0079}$Cu$_{0.0008}$Si$_{0.0025}$P$_{0.00016}$S$_{0.00015}$Mo$_{0.0015}$Ni$_{0.0007}$Cr$_{0.0108}$,0,340.2,930,0.5,0,200,70.2,60,930,895.812,437,530,882,30,120
Fe$_{0.9758}$C$_{0.0042}$Mn$_{0.0071}$Cu$_{0.0004}$Si$_{0.0027}$Ni$_{0.0002}$Cr$_{0.0096}$,30,0,870,24,8,600,0,30,30,30,123,820,504,855,60
Fe$_{0.9604}$C$_{0.0043}$Mn$_{0.0068}$Cu$_{0.0009}$Si$_{0.0026}$P$_{0.00012}$S$_{0.00018}$Mo$_{0.0017}$Ni$_{0.0162}$Cr$_{0.0068}$,30,0,870,24,8,680,0,30,30,30,353,590,463,845,60
Fe$_{0.96684}$C$_{0.0017}$Mn$_{0.0055}$Cu$_{0.0005}$Si$_{0.0028}$S$_{0.00016}$Mo$_{0.0016}$Ni$_{0.0164}$Cr$_{0.0045}$,0,469.8,930,0.5,0,160,15,60,930,850,395,440,1082,30,120
Fe$_{0.9772}$C$_{0.0041}$Mn$_{0.0148}$Cu$_{0.0006}$Si$_{0.0022}$Ni$_{0.0003}$Cr$_{0.0008}$,30,0,870,24,8,650,0,30,30,30,278,820,383,845,60
Fe$_{0.97761}$C$_{0.0021}$Mn$_{0.0065}$Si$_{0.0026}$P$_{0.00015}$S$_{0.00024}$Mo$_{0.0015}$Ni$_{0.0002}$Cr$_{0.0091}$,0,340.2,930,0.5,0,200,70.2,60,930,895.812,436,240,1008,30,120
Fe$_{0.97153}$C$_{0.0037}$Mn$_{0.0076}$Cu$_{0.0012}$Si$_{0.0029}$P$_{0.00017}$Mo$_{0.0016}$Ni$_{0.0012}$Cr$_{0.0101}$,30,0,870,24,8,650,0,30,30,30,177,500,490,855,60
Fe$_{0.95328}$C$_{0.004}$Mn$_{0.0079}$Cu$_{0.0005}$Si$_{0.0029}$P$_{0.00022}$Mo$_{0.0024}$Ni$_{0.0192}$Cr$_{0.0096}$,30,0,870,24,8,580,0,30,30,30,314,420,606,845,60
Fe$_{0.9834}$C$_{0.0055}$Mn$_{0.0076}$Si$_{0.0023}$P$_{0.00018}$S$_{0.00012}$Cr$_{0.0009}$,30,0,825,24,24,600,0,30,30,30,92,1740,468,825,60
Fe$_{0.9667}$C$_{0.0053}$Mn$_{0.0075}$Cu$_{0.0006}$Si$_{0.0131}$Ni$_{0.0004}$Cr$_{0.0064}$,30,0,845,24,8,500,0,30,30,30,388,1455,720,845,60
Fe$_{0.97123}$C$_{0.0035}$Mn$_{0.008}$Cu$_{0.0018}$Si$_{0.0025}$P$_{0.0002}$S$_{0.00017}$Mo$_{0.0019}$Ni$_{0.0008}$Cr$_{0.0099}$,30,0,870,24,8,550,0,30,30,30,145,1120,563,855,60
Fe$_{0.974}$C$_{0.0045}$Mn$_{0.0158}$Cu$_{0.0008}$Si$_{0.0033}$Ni$_{0.0006}$Cr$_{0.001}$,30,0,870,24,8,650,0,30,30,30,275,740,410,845,60
Fe$_{0.97452}$C$_{0.0019}$Mn$_{0.0077}$Cu$_{0.0016}$Si$_{0.0021}$P$_{0.00017}$S$_{0.00011}$Mo$_{0.0005}$Ni$_{0.0012}$Cr$_{0.0102}$,0,100.2,930,0.5,0,160,34.8,60,930,895.517,416,390,889,30,120
Fe$_{0.9758}$C$_{0.0042}$Mn$_{0.0071}$Cu$_{0.0004}$Si$_{0.0027}$Ni$_{0.0002}$Cr$_{0.0096}$,30,0,870,24,8,550,0,30,30,30,115,820,524,855,60
Fe$_{0.97476}$C$_{0.0035}$Mn$_{0.007}$Cu$_{0.0002}$Si$_{0.0025}$P$_{0.00026}$S$_{0.00018}$Mo$_{0.0016}$Cr$_{0.01}$,30,0,870,24,8,600,0,30,30,30,162,820,550,855,60
Fe$_{0.9748}$C$_{0.0041}$Mn$_{0.0151}$Cu$_{0.0008}$Si$_{0.0024}$P$_{0.0002}$Ni$_{0.0004}$Cr$_{0.0022}$,30,0,870,24,8,600,0,30,30,30,236,610,404,845,60
Fe$_{0.97761}$C$_{0.0021}$Mn$_{0.0065}$Si$_{0.0026}$P$_{0.00015}$S$_{0.00024}$Mo$_{0.0015}$Ni$_{0.0002}$Cr$_{0.0091}$,0,340.2,930,0.5,0,160,70.2,60,930,895.812,430,240,1028,30,120
Fe$_{0.98469}$C$_{0.0035}$Mn$_{0.0074}$Si$_{0.003}$P$_{0.00017}$S$_{0.00024}$Cr$_{0.001}$,30,0,865,24,24,650,0,30,30,30,37,1270,369,865,60
Fe$_{0.98354}$C$_{0.0048}$Mn$_{0.0075}$Si$_{0.0025}$P$_{0.00024}$S$_{0.00022}$Ni$_{0.0002}$Cr$_{0.001}$,30,0,845,24,24,550,0,30,30,30,53,1740,502,845,60
Fe$_{0.97588}$C$_{0.0038}$Mn$_{0.0152}$Cu$_{0.0007}$Si$_{0.0027}$P$_{0.00012}$Ni$_{0.0003}$Cr$_{0.0013}$,30,0,870,24,8,550,0,30,30,30,226,610,427,845,60
Fe$_{0.95513}$C$_{0.0037}$Mn$_{0.0076}$Cu$_{0.0003}$Si$_{0.0029}$P$_{0.00017}$Mo$_{0.0024}$Ni$_{0.0188}$Cr$_{0.009}$,30,0,870,24,8,630,0,30,30,30,338,420,583,845,60
Fe$_{0.97369}$C$_{0.0021}$Mn$_{0.0076}$Cu$_{0.0014}$Si$_{0.003}$P$_{0.00021}$Mo$_{0.0003}$Ni$_{0.0008}$Cr$_{0.0109}$,0,499.8,930,0.5,0,160,70.2,60,930,895.812,417,460,884,30,120
Fe$_{0.95627}$C$_{0.0041}$Mn$_{0.0074}$Cu$_{0.0012}$Si$_{0.0029}$P$_{0.00013}$Mo$_{0.0022}$Ni$_{0.0184}$Cr$_{0.0074}$,30,0,870,24,8,680,0,30,30,30,348,820,469,845,60
Fe$_{0.97777}$C$_{0.004}$Mn$_{0.0147}$Si$_{0.0025}$P$_{0.00027}$S$_{0.00016}$Ni$_{0.0002}$Cr$_{0.0004}$,30,0,870,24,8,600,0,30,30,30,265,1510,461,845,60
Fe$_{0.98285}$C$_{0.0057}$Mn$_{0.0074}$Cu$_{0.0002}$Si$_{0.0023}$P$_{0.00018}$S$_{0.00017}$Cr$_{0.0012}$,30,0,825,24,24,650,0,30,30,30,108,1740,428,825,60
Fe$_{0.97169}$C$_{0.0021}$Mn$_{0.0081}$Cu$_{0.0007}$Si$_{0.0031}$P$_{0.00012}$S$_{0.00019}$Mo$_{0.0017}$Ni$_{0.0006}$Cr$_{0.0117}$,0,340.2,930,0.5,0,160,70.2,140,930,895.812,432,690,1080,30,120
Fe$_{0.95513}$C$_{0.0037}$Mn$_{0.0076}$Cu$_{0.0003}$Si$_{0.0029}$P$_{0.00017}$Mo$_{0.0024}$Ni$_{0.0188}$Cr$_{0.009}$,30,0,870,24,8,580,0,30,30,30,324,420,643,845,60
Fe$_{0.97419}$C$_{0.0035}$Mn$_{0.007}$Si$_{0.003}$P$_{0.00019}$S$_{0.00012}$Mo$_{0.0015}$Ni$_{0.0002}$Cr$_{0.0103}$,30,0,870,24,8,600,0,30,30,30,153,1250,519,855,60
Fe$_{0.97369}$C$_{0.0018}$Mn$_{0.0079}$Cu$_{0.0008}$Si$_{0.0025}$P$_{0.00016}$S$_{0.00015}$Mo$_{0.0015}$Ni$_{0.0007}$Cr$_{0.0108}$,0,340.2,930,0.5,0,160,70.2,60,930,895.812,431,530,948,30,120
Fe$_{0.97103}$C$_{0.0038}$Mn$_{0.008}$Cu$_{0.0012}$Si$_{0.0027}$P$_{0.00015}$S$_{0.00012}$Mo$_{0.0016}$Ni$_{0.0007}$Cr$_{0.0107}$,30,0,870,24,8,650,0,30,30,30,178,1120,523,855,60
Fe$_{0.97111}$C$_{0.0039}$Mn$_{0.0086}$Cu$_{0.0012}$Si$_{0.0027}$P$_{0.00019}$Mo$_{0.0017}$Ni$_{0.001}$Cr$_{0.0096}$,30,0,870,24,8,650,0,30,30,30,211,500,496,855,60
Fe$_{0.96368}$C$_{0.0023}$Mn$_{0.0051}$Cu$_{0.0011}$Si$_{0.0035}$S$_{0.00012}$Mo$_{0.0018}$Ni$_{0.0169}$Cr$_{0.0055}$,0,139.8,930,0.5,0,160,15,60,930,850,391,860,1139,30,120
Fe$_{0.97338}$C$_{0.0023}$Mn$_{0.0085}$Cu$_{0.0007}$Si$_{0.0029}$P$_{0.00011}$S$_{0.00011}$Mo$_{0.0016}$Ni$_{0.0044}$Cr$_{0.006}$,0,130.2,930,0.5,0,160,25.2,60,930,882.381,403,440,976,30,120
Fe$_{0.97209}$C$_{0.0043}$Mn$_{0.0074}$Cu$_{0.0002}$Si$_{0.0026}$P$_{0.00019}$S$_{0.00012}$Mo$_{0.0022}$Ni$_{0.0002}$Cr$_{0.0107}$,30,0,870,24,8,600,0,30,30,30,197,1740,564,855,60
Fe$_{0.97469}$C$_{0.0023}$Mn$_{0.008}$Cu$_{0.0007}$Si$_{0.002}$P$_{0.00013}$S$_{0.00018}$Mo$_{0.0002}$Ni$_{0.0004}$Cr$_{0.0114}$,0,100.2,930,0.5,0,160,34.8,60,930,895.517,415,690,1086,30,120
Fe$_{0.98975}$C$_{0.0026}$Mn$_{0.0043}$Si$_{0.0027}$S$_{0.00015}$Ni$_{0.0002}$Cr$_{0.0003}$,0,0,885,0,0,30,0,30,30,30,3,1270,235,30,0
Fe$_{0.95111}$C$_{0.0035}$Mn$_{0.0054}$Cu$_{0.0005}$Si$_{0.0026}$P$_{0.00019}$Ni$_{0.0278}$Cr$_{0.0089}$,30,0,900,24,8,550,0,30,30,30,285,420,578,845,60
Fe$_{0.98354}$C$_{0.0048}$Mn$_{0.0075}$Si$_{0.0025}$P$_{0.00024}$S$_{0.00022}$Ni$_{0.0002}$Cr$_{0.001}$,30,0,845,24,24,650,0,30,30,30,75,1740,415,845,60
Fe$_{0.98285}$C$_{0.0057}$Mn$_{0.0074}$Cu$_{0.0002}$Si$_{0.0023}$P$_{0.00018}$S$_{0.00017}$Cr$_{0.0012}$,30,0,825,24,24,600,0,30,30,30,97,1740,464,825,60
Fe$_{0.97135}$C$_{0.0042}$Mn$_{0.0075}$Cu$_{0.0012}$Si$_{0.0028}$P$_{0.00015}$Mo$_{0.0017}$Ni$_{0.0007}$Cr$_{0.0104}$,30,0,870,24,8,600,0,30,30,30,204,820,570,855,60
Fe$_{0.98575}$C$_{0.0037}$Mn$_{0.0072}$Cu$_{0.0002}$Si$_{0.0024}$P$_{0.00015}$S$_{0.0002}$Ni$_{0.0002}$Cr$_{0.0002}$,30,0,865,24,24,600,0,30,30,30,34,1740,389,865,60
Fe$_{0.97211}$C$_{0.0037}$Mn$_{0.0082}$Cu$_{0.0005}$Si$_{0.0023}$P$_{0.00012}$S$_{0.00017}$Mo$_{0.0016}$Ni$_{0.0004}$Cr$_{0.0109}$,30,0,870,24,8,550,0,30,30,30,144,530,562,855,60
Fe$_{0.98586}$C$_{0.0032}$Mn$_{0.0073}$Cu$_{0.0003}$Si$_{0.0026}$P$_{0.00015}$S$_{0.00019}$Ni$_{0.0002}$Cr$_{0.0002}$,30,0,865,24,24,550,0,30,30,30,19,1740,418,865,60
Fe$_{0.97135}$C$_{0.0042}$Mn$_{0.0075}$Cu$_{0.0012}$Si$_{0.0028}$P$_{0.00015}$Mo$_{0.0017}$Ni$_{0.0007}$Cr$_{0.0104}$,30,0,870,24,8,550,0,30,30,30,189,820,634,855,60
Fe$_{0.97338}$C$_{0.002}$Mn$_{0.0077}$Cu$_{0.002}$Si$_{0.0032}$P$_{0.00024}$S$_{0.00028}$Mo$_{0.0019}$Ni$_{0.0046}$Cr$_{0.0047}$,0,450,930,0.5,0,200,34.8,60,930,895.517,411,390,924,30,120
Fe$_{0.98257}$C$_{0.0054}$Mn$_{0.0076}$Si$_{0.0026}$P$_{0.00022}$S$_{0.00021}$Ni$_{0.0002}$Cr$_{0.0012}$,30,0,825,24,24,650,0,30,30,30,104,1270,418,825,60
Fe$_{0.97188}$C$_{0.0034}$Mn$_{0.0071}$Cu$_{0.0012}$Si$_{0.0029}$P$_{0.00019}$S$_{0.00013}$Mo$_{0.0016}$Ni$_{0.0011}$Cr$_{0.0105}$,30,0,870,24,8,650,0,30,30,30,179,500,476,855,60
Fe$_{0.97476}$C$_{0.0035}$Mn$_{0.007}$Cu$_{0.0002}$Si$_{0.0025}$P$_{0.00026}$S$_{0.00018}$Mo$_{0.0016}$Cr$_{0.01}$,30,0,870,24,8,650,0,30,30,30,176,820,511,855,60
Fe$_{0.9772}$C$_{0.0041}$Mn$_{0.0148}$Cu$_{0.0006}$Si$_{0.0022}$Ni$_{0.0003}$Cr$_{0.0008}$,30,0,870,24,8,550,0,30,30,30,254,820,445,845,60
Fe$_{0.97808}$C$_{0.004}$Mn$_{0.0134}$Cu$_{0.0002}$Si$_{0.0025}$P$_{0.00017}$S$_{0.00015}$Ni$_{0.0002}$Cr$_{0.0013}$,30,0,870,24,8,600,0,30,30,30,234,1740,470,845,60
Fe$_{0.98306}$C$_{0.0045}$Mn$_{0.0079}$Cu$_{0.0002}$Si$_{0.0025}$P$_{0.00018}$S$_{0.00016}$Ni$_{0.0002}$Cr$_{0.0013}$,30,0,845,24,24,650,0,30,30,30,70,1740,413,845,60
Fe$_{0.98388}$C$_{0.0044}$Mn$_{0.0082}$Cu$_{0.0002}$Si$_{0.0024}$P$_{0.00021}$S$_{0.00021}$Ni$_{0.0003}$Cr$_{0.0002}$,30,0,845,24,24,550,0,30,30,30,51,825,446,845,60
Fe$_{0.9748}$C$_{0.0041}$Mn$_{0.0151}$Cu$_{0.0008}$Si$_{0.0024}$P$_{0.0002}$Ni$_{0.0004}$Cr$_{0.0022}$,30,0,870,24,8,550,0,30,30,30,229,610,425,845,60
Fe$_{0.97419}$C$_{0.0035}$Mn$_{0.007}$Si$_{0.003}$P$_{0.00019}$S$_{0.00012}$Mo$_{0.0015}$Ni$_{0.0002}$Cr$_{0.0103}$,30,0,870,24,8,650,0,30,30,30,167,1250,491,855,60
Fe$_{0.97419}$C$_{0.0035}$Mn$_{0.007}$Si$_{0.003}$P$_{0.00019}$S$_{0.00012}$Mo$_{0.0015}$Ni$_{0.0002}$Cr$_{0.0103}$,30,0,870,24,8,550,0,30,30,30,139,1250,571,855,60
Fe$_{0.9759}$C$_{0.004}$Mn$_{0.0156}$Cu$_{0.0005}$Si$_{0.0022}$P$_{0.00011}$S$_{0.00019}$Ni$_{0.0006}$Cr$_{0.0009}$,30,0,870,24,8,650,0,30,30,30,242,530,396,845,60
Fe$_{0.95302}$C$_{0.003}$Mn$_{0.0053}$Cu$_{0.0007}$Si$_{0.0027}$P$_{0.00018}$Ni$_{0.027}$Cr$_{0.0081}$,30,0,900,24,8,650,0,30,30,30,310,820,471,845,60
Fe$_{0.98613}$C$_{0.0034}$Mn$_{0.0074}$Si$_{0.0026}$P$_{0.00012}$S$_{0.00015}$Cr$_{0.0002}$,30,0,865,24,24,650,0,30,30,30,38,1740,325,865,60
Fe$_{0.97276}$C$_{0.0042}$Mn$_{0.0081}$Cu$_{0.0004}$Si$_{0.0032}$P$_{0.00014}$Ni$_{0.0003}$Cr$_{0.0109}$,30,0,870,24,8,650,0,30,30,30,135,1120,490,855,60
Fe$_{0.97276}$C$_{0.0046}$Mn$_{0.0149}$Cu$_{0.001}$Si$_{0.003}$P$_{0.00014}$Ni$_{0.001}$Cr$_{0.0026}$,30,0,870,24,8,600,0,30,30,30,267,1100,502,845,60
Fe$_{0.97393}$C$_{0.0043}$Mn$_{0.0138}$Cu$_{0.001}$Si$_{0.0034}$P$_{0.00017}$Ni$_{0.0008}$Cr$_{0.0026}$,30,0,870,24,8,550,0,30,30,30,247,1100,536,845,60
Fe$_{0.95865}$C$_{0.0049}$Mn$_{0.0069}$Cu$_{0.0007}$Si$_{0.0029}$P$_{0.00014}$S$_{0.00011}$Ni$_{0.018}$Cr$_{0.0077}$,30,0,870,24,8,680,0,30,30,30,371,820,479,845,60
Fe$_{0.98488}$C$_{0.0042}$Mn$_{0.0078}$Cu$_{0.0003}$Si$_{0.0022}$P$_{0.00022}$S$_{0.0002}$Cr$_{0.0002}$,30,0,845,24,24,600,0,30,30,30,63,825,401,845,60
Fe$_{0.96359}$C$_{0.0021}$Mn$_{0.0062}$Cu$_{0.0007}$Si$_{0.0029}$P$_{0.00015}$S$_{0.00016}$Mo$_{0.0021}$Ni$_{0.0162}$Cr$_{0.0059}$,0,469.8,930,0.5,0,160,15,60,930,850,393,440,1056,30,120
Fe$_{0.98354}$C$_{0.0045}$Mn$_{0.0076}$Cu$_{0.0002}$Si$_{0.0026}$P$_{0.00027}$S$_{0.00019}$Cr$_{0.0011}$,30,0,845,24,24,550,0,30,30,30,49,1270,448,845,60
Fe$_{0.9595}$C$_{0.0044}$Mn$_{0.0074}$Cu$_{0.0009}$Si$_{0.0025}$Ni$_{0.0174}$Cr$_{0.0079}$,30,0,870,24,8,630,0,30,30,30,362,820,550,845,60
Fe$_{0.97385}$C$_{0.0043}$Mn$_{0.0074}$Cu$_{0.0002}$Si$_{0.0024}$P$_{0.00022}$S$_{0.00013}$Ni$_{0.0003}$Cr$_{0.0112}$,30,0,870,24,8,600,0,30,30,30,122,1740,522,855,60
Fe$_{0.95392}$C$_{0.0032}$Mn$_{0.0054}$Cu$_{0.0005}$Si$_{0.0029}$P$_{0.00018}$Ni$_{0.0264}$Cr$_{0.0075}$,30,0,900,24,8,550,0,30,30,30,284,420,570,845,60
Fe$_{0.9751}$C$_{0.0042}$Mn$_{0.0078}$Cu$_{0.0005}$Si$_{0.0026}$Ni$_{0.0004}$Cr$_{0.0094}$,30,0,870,24,8,600,0,30,30,30,128,820,524,855,60
Fe$_{0.98354}$C$_{0.0045}$Mn$_{0.0076}$Cu$_{0.0002}$Si$_{0.0026}$P$_{0.00027}$S$_{0.00019}$Cr$_{0.0011}$,30,0,845,24,24,600,0,30,30,30,60,1270,415,845,60
Fe$_{0.98583}$C$_{0.0032}$Mn$_{0.0063}$Cu$_{0.0008}$Si$_{0.0021}$S$_{0.00017}$Ni$_{0.0006}$Cr$_{0.001}$,30,0,865,24,24,600,0,30,30,30,35,610,358,865,60
Fe$_{0.98073}$C$_{0.0054}$Mn$_{0.007}$Cu$_{0.0022}$Si$_{0.0027}$P$_{0.00017}$S$_{0.0002}$Ni$_{0.0006}$Cr$_{0.001}$,30,0,825,24,24,650,0,30,30,30,113,610,415,825,60
Fe$_{0.98485}$C$_{0.0056}$Mn$_{0.0037}$Cu$_{0.0011}$Si$_{0.0026}$P$_{0.00019}$S$_{0.00026}$Ni$_{0.0004}$Cr$_{0.0013}$,30,0,825,24,24,550,0,30,30,30,84,660,500,825,60
Fe$_{0.96019}$C$_{0.004}$Mn$_{0.007}$Cu$_{0.0008}$Si$_{0.0025}$P$_{0.00021}$S$_{0.0002}$Mo$_{0.0017}$Ni$_{0.0163}$Cr$_{0.0071}$,30,0,870,24,8,680,0,30,30,30,343,590,476,845,60
Fe$_{0.98327}$C$_{0.0056}$Mn$_{0.0068}$Cu$_{0.0003}$Si$_{0.0025}$S$_{0.00023}$Ni$_{0.0003}$Cr$_{0.001}$,30,0,825,24,24,650,0,30,30,30,111,610,412,825,60
Fe$_{0.97211}$C$_{0.0037}$Mn$_{0.0082}$Cu$_{0.0005}$Si$_{0.0023}$P$_{0.00012}$S$_{0.00017}$Mo$_{0.0016}$Ni$_{0.0004}$Cr$_{0.0109}$,30,0,870,24,8,650,0,30,30,30,172,530,477,855,60
Fe$_{0.98367}$C$_{0.0043}$Mn$_{0.0083}$Si$_{0.0022}$P$_{0.00017}$S$_{0.00016}$Cr$_{0.0012}$,30,0,845,24,24,650,0,30,30,30,77,1740,388,845,60
Fe$_{0.97424}$C$_{0.0042}$Mn$_{0.0158}$Cu$_{0.0007}$Si$_{0.0024}$P$_{0.00014}$S$_{0.00022}$Ni$_{0.0006}$Cr$_{0.0017}$,30,0,870,24,8,550,0,30,30,30,249,480,495,845,60
Fe$_{0.96359}$C$_{0.0021}$Mn$_{0.0062}$Cu$_{0.0007}$Si$_{0.0029}$P$_{0.00015}$S$_{0.00016}$Mo$_{0.0021}$Ni$_{0.0162}$Cr$_{0.0059}$,0,469.8,930,0.5,0,200,15,60,930,850,399,440,1037,30,120
Fe$_{0.95722}$C$_{0.0039}$Mn$_{0.0071}$Cu$_{0.0009}$Si$_{0.0025}$P$_{0.00015}$S$_{0.00013}$Mo$_{0.0023}$Ni$_{0.0176}$Cr$_{0.0082}$,30,0,870,24,8,630,0,30,30,30,335,640,563,845,60
Fe$_{0.97123}$C$_{0.0035}$Mn$_{0.008}$Cu$_{0.0018}$Si$_{0.0025}$P$_{0.0002}$S$_{0.00017}$Mo$_{0.0019}$Ni$_{0.0008}$Cr$_{0.0099}$,30,0,870,24,8,650,0,30,30,30,173,1120,469,855,60
Fe$_{0.99031}$C$_{0.0026}$Mn$_{0.0044}$Si$_{0.0021}$P$_{0.00017}$S$_{0.00022}$Cr$_{0.0002}$,0,0,885,0,0,30,0,30,30,30,1,825,232,30,0
Fe$_{0.96165}$C$_{0.0053}$Mn$_{0.0067}$Cu$_{0.0026}$Si$_{0.015}$P$_{0.00014}$S$_{0.00011}$Mo$_{0.0005}$Ni$_{0.0013}$Cr$_{0.0067}$,30,0,845,24,8,500,0,30,30,30,389,622,688,845,60
Fe$_{0.98478}$C$_{0.0054}$Mn$_{0.0075}$Si$_{0.002}$P$_{0.00013}$S$_{0.00019}$,30,0,825,24,24,600,0,30,30,30,96,825,445,825,60
Fe$_{0.98388}$C$_{0.0044}$Mn$_{0.0082}$Cu$_{0.0002}$Si$_{0.0024}$P$_{0.00021}$S$_{0.00021}$Ni$_{0.0003}$Cr$_{0.0002}$,30,0,845,24,24,600,0,30,30,30,62,825,415,845,60
Fe$_{0.9758}$C$_{0.0042}$Mn$_{0.0071}$Cu$_{0.0004}$Si$_{0.0027}$Ni$_{0.0002}$Cr$_{0.0096}$,30,0,870,24,8,650,0,30,30,30,131,820,457,855,60
Fe$_{0.95311}$C$_{0.0028}$Mn$_{0.0053}$Cu$_{0.0005}$Si$_{0.0027}$P$_{0.00019}$Ni$_{0.0267}$Cr$_{0.0087}$,30,0,900,24,8,650,0,30,30,30,308,420,502,845,60
Fe$_{0.98367}$C$_{0.0036}$Mn$_{0.007}$Cu$_{0.0009}$Si$_{0.0026}$S$_{0.00023}$Ni$_{0.0008}$Cr$_{0.0012}$,30,0,865,24,24,550,0,30,30,30,15,610,394,865,60
Fe$_{0.97469}$C$_{0.0023}$Mn$_{0.008}$Cu$_{0.0007}$Si$_{0.002}$P$_{0.00013}$S$_{0.00018}$Mo$_{0.0002}$Ni$_{0.0004}$Cr$_{0.0114}$,0,499.8,930,0.5,0,160,70.2,60,930,895.812,418,690,1057,30,120
Fe$_{0.97011}$C$_{0.0039}$Mn$_{0.0077}$Cu$_{0.0015}$Si$_{0.0028}$P$_{0.00021}$S$_{0.00018}$Mo$_{0.0019}$Ni$_{0.0009}$Cr$_{0.0108}$,30,0,870,24,8,650,0,30,30,30,216,1120,502,855,60
Fe$_{0.97508}$C$_{0.0038}$Mn$_{0.0159}$Cu$_{0.0005}$Si$_{0.0021}$P$_{0.00017}$S$_{0.00015}$Ni$_{0.0003}$Cr$_{0.002}$,30,0,870,24,8,600,0,30,30,30,237,480,406,845,60
Fe$_{0.9834}$C$_{0.0038}$Mn$_{0.007}$Cu$_{0.0011}$Si$_{0.0029}$S$_{0.0003}$Ni$_{0.0006}$Cr$_{0.0009}$,30,0,865,24,24,650,0,30,30,30,41,610,361,865,60
Fe$_{0.9829}$C$_{0.0049}$Mn$_{0.008}$Si$_{0.0026}$P$_{0.00027}$S$_{0.00023}$Ni$_{0.0002}$Cr$_{0.0009}$,30,0,845,24,24,650,0,30,30,30,78,1270,415,845,60
Fe$_{0.97221}$C$_{0.0044}$Mn$_{0.0075}$Cu$_{0.0002}$Si$_{0.0026}$P$_{0.00017}$S$_{0.00012}$Mo$_{0.0021}$Ni$_{0.0002}$Cr$_{0.0105}$,30,0,870,24,8,550,0,30,30,30,194,1740,625,855,60
Fe$_{0.97538}$C$_{0.0041}$Mn$_{0.0158}$Cu$_{0.0005}$Si$_{0.0022}$P$_{0.00014}$S$_{0.00018}$Ni$_{0.0004}$Cr$_{0.0013}$,30,0,870,24,8,600,0,30,30,30,269,480,424,845,60
Fe$_{0.9604}$C$_{0.0043}$Mn$_{0.0068}$Cu$_{0.0009}$Si$_{0.0026}$P$_{0.00012}$S$_{0.00018}$Mo$_{0.0017}$Ni$_{0.0162}$Cr$_{0.0068}$,30,0,870,24,8,580,0,30,30,30,325,590,569,845,60
Fe$_{0.98354}$C$_{0.0045}$Mn$_{0.0076}$Cu$_{0.0002}$Si$_{0.0026}$P$_{0.00027}$S$_{0.00019}$Cr$_{0.0011}$,30,0,845,24,24,650,0,30,30,30,71,1270,395,845,60
Fe$_{0.9741}$C$_{0.004}$Mn$_{0.007}$Cu$_{0.0012}$Si$_{0.0022}$Mo$_{0.0017}$Ni$_{0.0004}$Cr$_{0.0094}$,30,0,870,24,8,600,0,30,30,30,207,820,563,855,60
Fe$_{0.97011}$C$_{0.0039}$Mn$_{0.0077}$Cu$_{0.0015}$Si$_{0.0028}$P$_{0.00021}$S$_{0.00018}$Mo$_{0.0019}$Ni$_{0.0009}$Cr$_{0.0108}$,30,0,870,24,8,550,0,30,30,30,186,1120,638,855,60
Fe$_{0.97276}$C$_{0.0042}$Mn$_{0.0081}$Cu$_{0.0004}$Si$_{0.0032}$P$_{0.00014}$Ni$_{0.0003}$Cr$_{0.0109}$,30,0,870,24,8,600,0,30,30,30,127,1120,518,855,60
Fe$_{0.98511}$C$_{0.0035}$Mn$_{0.0082}$Si$_{0.0025}$P$_{0.00016}$S$_{0.00023}$Ni$_{0.0003}$,30,0,865,24,24,650,0,30,30,30,45,825,341,865,60
Fe$_{0.97181}$C$_{0.0041}$Mn$_{0.008}$Cu$_{0.001}$Si$_{0.0024}$P$_{0.00015}$S$_{0.00024}$Mo$_{0.0018}$Ni$_{0.0003}$Cr$_{0.0102}$,30,0,870,24,8,550,0,30,30,30,184,510,635,855,60
Fe$_{0.96251}$C$_{0.006}$Mn$_{0.0085}$Cu$_{0.0012}$Si$_{0.0196}$P$_{0.00019}$Ni$_{0.0005}$Cr$_{0.0015}$,30,0,845,24,8,500,0,30,30,30,375,721,740,845,60
Fe$_{0.9726}$C$_{0.0034}$Mn$_{0.0072}$Cu$_{0.001}$Si$_{0.0025}$P$_{0.00019}$S$_{0.00011}$Mo$_{0.0017}$Ni$_{0.0012}$Cr$_{0.0101}$,30,0,870,24,8,600,0,30,30,30,156,500,490,855,60
Fe$_{0.95438}$C$_{0.0031}$Mn$_{0.0056}$Cu$_{0.001}$Si$_{0.0022}$P$_{0.00016}$S$_{0.00016}$Ni$_{0.0263}$Cr$_{0.0071}$,30,0,900,24,8,650,0,30,30,30,306,700,471,845,60
Fe$_{0.97521}$C$_{0.0042}$Mn$_{0.016}$Cu$_{0.0007}$Si$_{0.0021}$P$_{0.00014}$S$_{0.00015}$Ni$_{0.0003}$Cr$_{0.0012}$,30,0,870,24,8,650,0,30,30,30,272,480,404,845,60
Fe$_{0.95347}$C$_{0.0032}$Mn$_{0.0052}$Cu$_{0.0006}$Si$_{0.003}$P$_{0.00013}$Ni$_{0.0267}$Cr$_{0.0077}$,30,0,900,24,8,550,0,30,30,30,291,1740,570,845,60
Fe$_{0.98478}$C$_{0.0054}$Mn$_{0.0075}$Si$_{0.002}$P$_{0.00013}$S$_{0.00019}$,30,0,825,24,24,550,0,30,30,30,85,825,495,825,60
Fe$_{0.97181}$C$_{0.0041}$Mn$_{0.008}$Cu$_{0.001}$Si$_{0.0024}$P$_{0.00015}$S$_{0.00024}$Mo$_{0.0018}$Ni$_{0.0003}$Cr$_{0.0102}$,30,0,870,24,8,600,0,30,30,30,199,510,590,855,60
Fe$_{0.97591}$C$_{0.0043}$Mn$_{0.0146}$Cu$_{0.0002}$Si$_{0.0026}$P$_{0.00012}$S$_{0.00017}$Ni$_{0.0002}$Cr$_{0.0019}$,30,0,870,24,8,550,0,30,30,30,256,1740,510,845,60
Fe$_{0.96104}$C$_{0.0048}$Mn$_{0.007}$Cu$_{0.0011}$Si$_{0.002}$S$_{0.00016}$Ni$_{0.0166}$Cr$_{0.0073}$,30,0,870,24,8,680,0,30,30,30,370,640,491,845,60
Fe$_{0.95797}$C$_{0.0038}$Mn$_{0.0071}$Cu$_{0.0004}$Si$_{0.0026}$P$_{0.00016}$S$_{0.00017}$Mo$_{0.0023}$Ni$_{0.018}$Cr$_{0.0075}$,30,0,870,24,8,630,0,30,30,30,330,5530,571,845,60
Fe$_{0.97099}$C$_{0.004}$Mn$_{0.0074}$Cu$_{0.0015}$Si$_{0.0026}$P$_{0.00024}$S$_{0.00017}$Mo$_{0.0017}$Ni$_{0.0013}$Cr$_{0.0101}$,30,0,870,24,8,600,0,30,30,30,205,500,543,855,60
Fe$_{0.98966}$C$_{0.0022}$Mn$_{0.0047}$Si$_{0.0026}$P$_{0.00021}$S$_{0.00023}$Ni$_{0.0002}$Cr$_{0.0002}$,0,0,885,0,0,30,0,30,30,30,10,1270,239,30,0
Fe$_{0.98306}$C$_{0.0045}$Mn$_{0.0079}$Cu$_{0.0002}$Si$_{0.0025}$P$_{0.00018}$S$_{0.00016}$Ni$_{0.0002}$Cr$_{0.0013}$,30,0,845,24,24,600,0,30,30,30,59,1740,459,845,60
Fe$_{0.97545}$C$_{0.0039}$Mn$_{0.0157}$Cu$_{0.0006}$Si$_{0.0022}$P$_{0.00017}$S$_{0.00018}$Ni$_{0.0005}$Cr$_{0.0013}$,30,0,870,24,8,600,0,30,30,30,232,480,435,845,60
Fe$_{0.97591}$C$_{0.0043}$Mn$_{0.0146}$Cu$_{0.0002}$Si$_{0.0026}$P$_{0.00012}$S$_{0.00017}$Ni$_{0.0002}$Cr$_{0.0019}$,30,0,870,24,8,600,0,30,30,30,268,1740,490,845,60
Fe$_{0.97393}$C$_{0.0043}$Mn$_{0.0138}$Cu$_{0.001}$Si$_{0.0034}$P$_{0.00017}$Ni$_{0.0008}$Cr$_{0.0026}$,30,0,870,24,8,650,0,30,30,30,271,1100,448,845,60
Fe$_{0.97135}$C$_{0.0042}$Mn$_{0.0075}$Cu$_{0.0012}$Si$_{0.0028}$P$_{0.00015}$Mo$_{0.0017}$Ni$_{0.0007}$Cr$_{0.0104}$,30,0,870,24,8,650,0,30,30,30,219,820,502,855,60
Fe$_{0.96684}$C$_{0.0017}$Mn$_{0.0055}$Cu$_{0.0005}$Si$_{0.0028}$S$_{0.00016}$Mo$_{0.0016}$Ni$_{0.0164}$Cr$_{0.0045}$,0,469.8,930,0.5,0,200,15,60,930,850,401,440,1035,30,120
Fe$_{0.97284}$C$_{0.0036}$Mn$_{0.0081}$Cu$_{0.0008}$Si$_{0.0023}$P$_{0.00014}$S$_{0.00022}$Mo$_{0.0016}$Ni$_{0.0005}$Cr$_{0.0099}$,30,0,870,24,8,600,0,30,30,30,155,530,508,855,60
Fe$_{0.97034}$C$_{0.004}$Mn$_{0.0087}$Cu$_{0.0011}$Si$_{0.0025}$P$_{0.00011}$S$_{0.00015}$Mo$_{0.0018}$Ni$_{0.0007}$Cr$_{0.0106}$,30,0,870,24,8,550,0,30,30,30,191,700,603,855,60
Fe$_{0.97369}$C$_{0.0018}$Mn$_{0.0079}$Cu$_{0.0008}$Si$_{0.0025}$P$_{0.00016}$S$_{0.00015}$Mo$_{0.0015}$Ni$_{0.0007}$Cr$_{0.0108}$,0,340.2,930,0.5,0,160,70.2,140,930,895.812,434,530,957,30,120
Fe$_{0.96104}$C$_{0.0048}$Mn$_{0.007}$Cu$_{0.0011}$Si$_{0.002}$S$_{0.00016}$Ni$_{0.0166}$Cr$_{0.0073}$,30,0,870,24,8,580,0,30,30,30,358,640,618,845,60
Fe$_{0.97415}$C$_{0.0041}$Mn$_{0.0136}$Cu$_{0.001}$Si$_{0.0034}$P$_{0.0002}$S$_{0.00015}$Ni$_{0.0007}$Cr$_{0.0027}$,30,0,870,24,8,650,0,30,30,30,276,1100,450,845,60
Fe$_{0.95444}$C$_{0.0042}$Mn$_{0.0078}$Cu$_{0.0004}$Si$_{0.003}$P$_{0.00016}$Mo$_{0.0024}$Ni$_{0.019}$Cr$_{0.0086}$,30,0,870,24,8,630,0,30,30,30,337,420,583,845,60
Fe$_{0.97538}$C$_{0.0041}$Mn$_{0.0158}$Cu$_{0.0005}$Si$_{0.0022}$P$_{0.00014}$S$_{0.00018}$Ni$_{0.0004}$Cr$_{0.0013}$,30,0,870,24,8,550,0,30,30,30,257,480,443,845,60
Fe$_{0.95722}$C$_{0.0039}$Mn$_{0.0071}$Cu$_{0.0009}$Si$_{0.0025}$P$_{0.00015}$S$_{0.00013}$Mo$_{0.0023}$Ni$_{0.0176}$Cr$_{0.0082}$,30,0,870,24,8,680,0,30,30,30,349,640,490,845,60
Fe$_{0.98257}$C$_{0.0054}$Mn$_{0.0076}$Si$_{0.0026}$P$_{0.00022}$S$_{0.00021}$Ni$_{0.0002}$Cr$_{0.0012}$,30,0,825,24,24,550,0,30,30,30,82,1270,534,825,60
Fe$_{0.9834}$C$_{0.0055}$Mn$_{0.0076}$Si$_{0.0023}$P$_{0.00018}$S$_{0.00012}$Cr$_{0.0009}$,30,0,825,24,24,550,0,30,30,30,81,1740,523,825,60
Fe$_{0.97385}$C$_{0.0043}$Mn$_{0.0074}$Cu$_{0.0002}$Si$_{0.0024}$P$_{0.00022}$S$_{0.00013}$Ni$_{0.0003}$Cr$_{0.0112}$,30,0,870,24,8,650,0,30,30,30,130,1740,483,855,60
Fe$_{0.9829}$C$_{0.0045}$Mn$_{0.0071}$Cu$_{0.0013}$Si$_{0.0024}$Ni$_{0.0012}$Cr$_{0.0006}$,30,0,845,24,24,600,0,30,30,30,61,610,437,845,60
Fe$_{0.97011}$C$_{0.0039}$Mn$_{0.0077}$Cu$_{0.0015}$Si$_{0.0028}$P$_{0.00021}$S$_{0.00018}$Mo$_{0.0019}$Ni$_{0.0009}$Cr$_{0.0108}$,30,0,870,24,8,600,0,30,30,30,201,1120,557,855,60
Fe$_{0.97415}$C$_{0.0041}$Mn$_{0.0136}$Cu$_{0.001}$Si$_{0.0034}$P$_{0.0002}$S$_{0.00015}$Ni$_{0.0007}$Cr$_{0.0027}$,30,0,870,24,8,550,0,30,30,30,252,1100,530,845,60
Fe$_{0.95998}$C$_{0.0039}$Mn$_{0.0077}$Cu$_{0.0007}$Si$_{0.0019}$S$_{0.00012}$Mo$_{0.0018}$Ni$_{0.0167}$Cr$_{0.0072}$,30,0,870,24,8,580,0,30,30,30,312,640,591,845,60
Fe$_{0.98144}$C$_{0.0057}$Mn$_{0.0082}$Si$_{0.003}$P$_{0.00024}$S$_{0.00022}$Ni$_{0.0002}$Cr$_{0.001}$,30,0,825,24,24,650,0,30,30,30,110,1270,425,825,60
Fe$_{0.97222}$C$_{0.004}$Mn$_{0.0077}$Cu$_{0.0013}$Si$_{0.0026}$P$_{0.00018}$Mo$_{0.0017}$Ni$_{0.0005}$Cr$_{0.0098}$,30,0,870,24,8,600,0,30,30,30,198,610,550,855,60
Fe$_{0.98164}$C$_{0.0045}$Mn$_{0.0079}$Cu$_{0.0015}$Si$_{0.0025}$P$_{0.00011}$S$_{0.00025}$Ni$_{0.0012}$Cr$_{0.0004}$,30,0,845,24,24,550,0,30,30,30,57,610,486,845,60
Fe$_{0.97224}$C$_{0.0036}$Mn$_{0.0074}$Cu$_{0.0012}$Si$_{0.0035}$P$_{0.00016}$S$_{0.0002}$Mo$_{0.0015}$Ni$_{0.0005}$Cr$_{0.0097}$,30,0,870,24,8,650,0,30,30,30,171,740,489,855,60
Fe$_{0.97338}$C$_{0.002}$Mn$_{0.0077}$Cu$_{0.002}$Si$_{0.0032}$P$_{0.00024}$S$_{0.00028}$Mo$_{0.0019}$Ni$_{0.0046}$Cr$_{0.0047}$,0,510,930,0.5,0,160,45,140,930,903.333,408,390,960,30,120
Fe$_{0.97545}$C$_{0.0039}$Mn$_{0.0157}$Cu$_{0.0006}$Si$_{0.0022}$P$_{0.00017}$S$_{0.00018}$Ni$_{0.0005}$Cr$_{0.0013}$,30,0,870,24,8,650,0,30,30,30,239,480,397,845,60
Fe$_{0.98327}$C$_{0.0056}$Mn$_{0.0068}$Cu$_{0.0003}$Si$_{0.0025}$S$_{0.00023}$Ni$_{0.0003}$Cr$_{0.001}$,30,0,825,24,24,600,0,30,30,30,100,610,461,825,60
Fe$_{0.97777}$C$_{0.004}$Mn$_{0.0147}$Si$_{0.0025}$P$_{0.00027}$S$_{0.00016}$Ni$_{0.0002}$Cr$_{0.0004}$,30,0,870,24,8,650,0,30,30,30,277,1510,410,845,60
Fe$_{0.95909}$C$_{0.0047}$Mn$_{0.0072}$Cu$_{0.0006}$Si$_{0.0028}$P$_{0.00011}$Ni$_{0.0176}$Cr$_{0.0079}$,30,0,870,24,8,580,0,30,30,30,354,740,600,845,60
Fe$_{0.95392}$C$_{0.0032}$Mn$_{0.0054}$Cu$_{0.0005}$Si$_{0.0029}$P$_{0.00018}$Ni$_{0.0264}$Cr$_{0.0075}$,30,0,900,24,8,650,0,30,30,30,304,420,483,845,60
Fe$_{0.95111}$C$_{0.0035}$Mn$_{0.0054}$Cu$_{0.0005}$Si$_{0.0026}$P$_{0.00019}$Ni$_{0.0278}$Cr$_{0.0089}$,30,0,900,24,8,650,0,30,30,30,305,420,503,845,60
Fe$_{0.97424}$C$_{0.0042}$Mn$_{0.0158}$Cu$_{0.0007}$Si$_{0.0024}$P$_{0.00014}$S$_{0.00022}$Ni$_{0.0006}$Cr$_{0.0017}$,30,0,870,24,8,650,0,30,30,30,273,480,411,845,60
Fe$_{0.9534}$C$_{0.0033}$Mn$_{0.0049}$Cu$_{0.0006}$Si$_{0.003}$Ni$_{0.0266}$Cr$_{0.0082}$,30,0,900,24,8,550,0,30,30,30,287,820,569,845,60
Fe$_{0.9751}$C$_{0.0042}$Mn$_{0.0078}$Cu$_{0.0005}$Si$_{0.0026}$Ni$_{0.0004}$Cr$_{0.0094}$,30,0,870,24,8,650,0,30,30,30,136,820,485,855,60
Fe$_{0.98155}$C$_{0.0053}$Mn$_{0.0083}$Si$_{0.003}$P$_{0.00019}$S$_{0.00026}$Ni$_{0.0002}$Cr$_{0.0012}$,30,0,825,24,24,550,0,30,30,30,87,1270,531,825,60
Fe$_{0.98164}$C$_{0.0045}$Mn$_{0.0079}$Cu$_{0.0015}$Si$_{0.0025}$P$_{0.00011}$S$_{0.00025}$Ni$_{0.0012}$Cr$_{0.0004}$,30,0,845,24,24,600,0,30,30,30,68,610,452,845,60
Fe$_{0.95797}$C$_{0.0038}$Mn$_{0.0071}$Cu$_{0.0004}$Si$_{0.0026}$P$_{0.00016}$S$_{0.00017}$Mo$_{0.0023}$Ni$_{0.018}$Cr$_{0.0075}$,30,0,870,24,8,580,0,30,30,30,316,5530,604,845,60
Fe$_{0.9761}$C$_{0.0042}$Mn$_{0.015}$Cu$_{0.0005}$Si$_{0.0023}$Ni$_{0.0004}$Cr$_{0.0015}$,30,0,870,24,8,550,0,30,30,30,246,820,505,845,60
Fe$_{0.97123}$C$_{0.0035}$Mn$_{0.008}$Cu$_{0.0018}$Si$_{0.0025}$P$_{0.0002}$S$_{0.00017}$Mo$_{0.0019}$Ni$_{0.0008}$Cr$_{0.0099}$,30,0,870,24,8,600,0,30,30,30,159,1120,530,855,60
Fe$_{0.95302}$C$_{0.003}$Mn$_{0.0053}$Cu$_{0.0007}$Si$_{0.0027}$P$_{0.00018}$Ni$_{0.027}$Cr$_{0.0081}$,30,0,900,24,8,600,0,30,30,30,300,820,503,845,60
Fe$_{0.97211}$C$_{0.0037}$Mn$_{0.0082}$Cu$_{0.0005}$Si$_{0.0023}$P$_{0.00012}$S$_{0.00017}$Mo$_{0.0016}$Ni$_{0.0004}$Cr$_{0.0109}$,30,0,870,24,8,600,0,30,30,30,158,530,515,855,60
Fe$_{0.97808}$C$_{0.004}$Mn$_{0.0134}$Cu$_{0.0002}$Si$_{0.0025}$P$_{0.00017}$S$_{0.00015}$Ni$_{0.0002}$Cr$_{0.0013}$,30,0,870,24,8,550,0,30,30,30,227,1740,510,845,60
Fe$_{0.97871}$C$_{0.004}$Mn$_{0.0138}$Cu$_{0.0002}$Si$_{0.0025}$P$_{0.00017}$S$_{0.00012}$Ni$_{0.0002}$Cr$_{0.0003}$,30,0,870,24,8,650,0,30,30,30,245,1740,398,845,60
Fe$_{0.96359}$C$_{0.0021}$Mn$_{0.0062}$Cu$_{0.0007}$Si$_{0.0029}$P$_{0.00015}$S$_{0.00016}$Mo$_{0.0021}$Ni$_{0.0162}$Cr$_{0.0059}$,0,139.8,930,0.5,0,160,15,60,930,850,390,440,1034,30,120
Fe$_{0.96019}$C$_{0.004}$Mn$_{0.007}$Cu$_{0.0008}$Si$_{0.0025}$P$_{0.00021}$S$_{0.0002}$Mo$_{0.0017}$Ni$_{0.0163}$Cr$_{0.0071}$,30,0,870,24,8,580,0,30,30,30,315,590,584,845,60
Fe$_{0.99082}$C$_{0.0022}$Mn$_{0.0042}$Cu$_{0.0002}$Si$_{0.0019}$P$_{0.00026}$S$_{0.00022}$Cr$_{0.0002}$,0,0,885,0,0,30,0,30,30,30,5,825,225,30,0
Fe$_{0.97808}$C$_{0.004}$Mn$_{0.0134}$Cu$_{0.0002}$Si$_{0.0025}$P$_{0.00017}$S$_{0.00015}$Ni$_{0.0002}$Cr$_{0.0013}$,30,0,870,24,8,650,0,30,30,30,241,1740,425,845,60
Fe$_{0.98257}$C$_{0.0054}$Mn$_{0.0076}$Si$_{0.0026}$P$_{0.00022}$S$_{0.00021}$Ni$_{0.0002}$Cr$_{0.0012}$,30,0,825,24,24,600,0,30,30,30,93,1270,459,825,60
Fe$_{0.95444}$C$_{0.0042}$Mn$_{0.0078}$Cu$_{0.0004}$Si$_{0.003}$P$_{0.00016}$Mo$_{0.0024}$Ni$_{0.019}$Cr$_{0.0086}$,30,0,870,24,8,680,0,30,30,30,351,420,498,845,60
Fe$_{0.97469}$C$_{0.0039}$Mn$_{0.0073}$Cu$_{0.0011}$Si$_{0.0025}$P$_{0.00011}$Ni$_{0.0006}$Cr$_{0.0098}$,30,0,870,24,8,650,0,30,30,30,134,820,459,855,60
Fe$_{0.97452}$C$_{0.0019}$Mn$_{0.0077}$Cu$_{0.0016}$Si$_{0.0021}$P$_{0.00017}$S$_{0.00011}$Mo$_{0.0005}$Ni$_{0.0012}$Cr$_{0.0102}$,0,529.8,930,0.5,0,160,70.2,140,930,895.812,422,390,838,30,120
Fe$_{0.97521}$C$_{0.0042}$Mn$_{0.016}$Cu$_{0.0007}$Si$_{0.0021}$P$_{0.00014}$S$_{0.00015}$Ni$_{0.0003}$Cr$_{0.0012}$,30,0,870,24,8,550,0,30,30,30,248,480,484,845,60
Fe$_{0.974}$C$_{0.0045}$Mn$_{0.0158}$Cu$_{0.0008}$Si$_{0.0033}$Ni$_{0.0006}$Cr$_{0.001}$,30,0,870,24,8,600,0,30,30,30,263,740,451,845,60
Fe$_{0.98613}$C$_{0.0034}$Mn$_{0.0074}$Si$_{0.0026}$P$_{0.00012}$S$_{0.00015}$Cr$_{0.0002}$,30,0,865,24,24,550,0,30,30,30,14,1740,401,865,60
Fe$_{0.95998}$C$_{0.0039}$Mn$_{0.0077}$Cu$_{0.0007}$Si$_{0.0019}$S$_{0.00012}$Mo$_{0.0018}$Ni$_{0.0167}$Cr$_{0.0072}$,30,0,870,24,8,680,0,30,30,30,340,640,482,845,60
Fe$_{0.98488}$C$_{0.0042}$Mn$_{0.0078}$Cu$_{0.0003}$Si$_{0.0022}$P$_{0.00022}$S$_{0.0002}$Cr$_{0.0002}$,30,0,845,24,24,550,0,30,30,30,52,825,437,845,60
Fe$_{0.98583}$C$_{0.0032}$Mn$_{0.0063}$Cu$_{0.0008}$Si$_{0.0021}$S$_{0.00017}$Ni$_{0.0006}$Cr$_{0.001}$,30,0,865,24,24,550,0,30,30,30,23,610,379,865,60
Fe$_{0.97201}$C$_{0.0041}$Mn$_{0.0077}$Cu$_{0.0005}$Si$_{0.0024}$P$_{0.00014}$S$_{0.00015}$Mo$_{0.002}$Ni$_{0.0004}$Cr$_{0.0106}$,30,0,870,24,8,650,0,30,30,30,210,530,490,855,60
Fe$_{0.98354}$C$_{0.0048}$Mn$_{0.0075}$Si$_{0.0025}$P$_{0.00024}$S$_{0.00022}$Ni$_{0.0002}$Cr$_{0.001}$,30,0,845,24,24,600,0,30,30,30,64,1740,463,845,60
Fe$_{0.97476}$C$_{0.0035}$Mn$_{0.007}$Cu$_{0.0002}$Si$_{0.0025}$P$_{0.00026}$S$_{0.00018}$Mo$_{0.0016}$Cr$_{0.01}$,30,0,870,24,8,550,0,30,30,30,148,820,592,855,60
Fe$_{0.98918}$C$_{0.0026}$Mn$_{0.0045}$Cu$_{0.0003}$Si$_{0.0022}$P$_{0.00026}$S$_{0.00026}$Ni$_{0.0002}$Cr$_{0.0005}$,0,0,885,0,0,30,0,30,30,30,6,825,245,30,0
Fe$_{0.97284}$C$_{0.0036}$Mn$_{0.0081}$Cu$_{0.0008}$Si$_{0.0023}$P$_{0.00014}$S$_{0.00022}$Mo$_{0.0016}$Ni$_{0.0005}$Cr$_{0.0099}$,30,0,870,24,8,550,0,30,30,30,141,530,526,855,60
