X 90 Kohm,Y 90 Kohm,,X 90 Kohm-clear,Y 90 Kohm-clear,,X 60 Kohm,Y 60 Kohm,,X 60 Kohm-clear,Y 60 Kohm-clear,,X 30 Kohm,Y 30 Kohm,,X 30 Kohm-clear,Y 30 Kohm-clear
400.3113568,111.0495776,,400.7326952,113.3248596,,400.0519042,110.2319545,,401.439192,113.3237146,,400.1019284,102.6931082,,401.6239763,108.4793381
401.0066921,111.0303447,,401.4292613,113.351253,,401.6749051,110.1787782,,402.1333776,113.2620371,,400.7969429,102.8064374,,402.3202069,108.5929355
401.7020273,110.9630297,,402.1248726,113.3251389,,402.370887,110.125602,,402.8273239,113.1866856,,401.4921961,102.8945227,,403.0159612,108.6762403
402.3973625,110.9149475,,402.819529,113.2465174,,404.2269581,109.974936,,403.5224661,113.1797034,,402.0716732,102.9574088,,403.7123108,108.7974108
403.0926978,110.905331,,403.5144241,113.1810228,,404.9237771,109.8597208,,404.2172496,113.1522105,,402.8819864,103.1464252,,404.4088986,108.9337277
403.788033,110.8764817,,404.2097967,113.1417818,,405.8522312,109.7533683,,404.9110764,113.0700221,,403.5768815,103.2723764,,405.3366106,109.0473251
404.4833683,110.7803173,,404.9050499,113.0959775,,407.1279587,109.6736039,,405.3725513,112.9536976,,404.2722541,103.3478397,,406.0328412,109.1609225
405.1787035,110.7033858,,405.6007805,113.0764268,,409.0982331,109.6470158,,406.0675739,112.9398785,,404.9670298,103.486413,,406.8451697,109.2972394
405.8740388,110.6745365,,406.2966305,113.0634396,,409.7942149,109.5938396,,406.7631945,112.9602439,,405.6620443,103.5997422,,407.6565457,109.372971
406.569374,110.7226187,,406.9920031,113.0241987,,410.7233865,109.4343109,,407.4589346,112.9874463,,406.5892077,103.70036,,408.3533716,109.5244342
407.2647093,110.7033858,,407.6871369,112.9718309,,413.157888,109.3545465,,408.1538376,112.9667903,,407.2843416,103.8010672,,408.9345759,109.6834705
407.9600445,110.6745365,,408.3825094,112.93259,,413.7383512,109.2747821,,408.8485015,112.9324604,,407.9791173,103.9396405,,409.3995036,109.8084276
408.6553798,110.6745365,,409.0790756,112.9589833,,414.434333,109.2216059,,409.5428066,112.8776197,,408.557759,104.0908804,,410.3259653,109.8425069
409.350715,110.6264543,,409.7745675,112.9263059,,415.5949007,109.0886653,,410.2372313,112.829616,,409.3684302,104.2420308,,411.1372222,109.9106653
410.0460503,110.5687557,,410.4698207,112.8805015,,416.522996,109.0089009,,410.9312973,112.7611015,,409.948146,104.279673,,412.064577,110.0015432
410.7413855,110.5206735,,411.1647158,112.8150069,,418.3777518,108.9557247,,411.6246457,112.6515655,,410.7590559,104.4055795,,413.224485,110.1605796
411.4367208,110.4533584,,411.8594916,112.7429488,,420.5808572,108.8493722,,412.3189508,112.5967248,,411.6862193,104.5061972,,414.0364563,110.274177
412.132056,110.4437419,,412.554148,112.6643273,,421.1609616,108.796196,,413.0139735,112.5829057,,412.6136215,104.581571,,414.8480704,110.3650549
412.8273913,110.4052762,,413.2488044,112.5857058,,422.3226055,108.583491,,413.7091157,112.5759235,,413.3093521,104.6191684,,415.4278458,110.4332133
413.5227265,110.3283447,,413.9431028,112.487394,,422.7875501,108.4771385,,414.403062,112.500572,,414.0040085,104.7703636,,416.2391026,110.5013717
414.2180617,110.3187282,,414.638714,112.4612799,,423.4828144,108.4771385,,415.0968888,112.4183837,,414.6995004,104.8332049,,416.8181636,110.5240912
414.913397,110.2994954,,415.3344447,112.4417293,,425.1058154,108.4239623,,415.7910744,112.3567061,,415.3951117,104.8834243,,417.8607828,110.5846765
415.6087322,110.1937145,,416.0293398,112.3762347,,425.8017972,108.370786,,416.4849011,112.2745178,,416.321917,105.021908,,418.5567752,110.6831276
416.3040675,110.0975501,,416.7237575,112.2844863,,426.497779,108.3176098,,417.1780104,112.1513079,,417.0163347,105.1983471,,419.4849636,110.8270176
416.9994027,110.0783173,,417.4192494,112.2518088,,427.1937609,108.2644336,,417.8727939,112.123815,,417.7107524,105.3747863,,420.1796462,110.8421639
417.694738,110.1263994,,418.1156962,112.2716387,,429.8596583,108.2112573,,418.5690123,112.178365,,418.2904683,105.4124284,,420.8740906,110.8421639
418.3900732,110.203331,,418.8111881,112.2389612,,431.3674994,108.1049048,,419.2631979,112.1166874,,418.9858408,105.4878918,,421.5688923,110.8648834
419.0854085,110.1552488,,419.5060832,112.1734666,,432.5277083,107.9985523,,419.9564267,112.0003145,,419.7969894,105.5885543,,422.2647656,110.9557613
419.7807437,110.0110022,,420.2002622,112.0685914,,433.3406438,107.8656117,,420.6497752,111.8907785,,420.4921233,105.6892615,,422.9595673,110.9784808
420.476079,109.9244542,,420.8949186,111.9899699,,434.1532205,107.7592593,,421.3439607,111.8291009,,421.1868991,105.8278348,,423.6540118,110.9784808
421.1714142,109.9148378,,421.5896944,111.9179118,,434.6170888,107.7326711,,422.0383854,111.7810972,,421.8826297,105.8654321,,424.2334299,111.0239198
421.8667495,109.9052213,,422.2844702,111.8458537,,438.5587138,107.5997305,,422.7323318,111.7057457,,422.5783603,105.9030295,,424.9285888,111.0693587
422.5620847,109.8379063,,422.979604,111.793486,,442.2696603,107.3870256,,423.4259194,111.6098836,,423.2736135,105.9911148,,425.8545147,111.0693587
423.25742,109.7898241,,423.6741411,111.708301,,443.4298692,107.2806731,,424.1198657,111.5345322,,423.9691054,106.0539562,,426.5496736,111.1147977
423.9527552,109.7705912,,424.3693943,111.6624967,,446.2127203,107.1477325,,424.8145296,111.5002023,,424.664478,106.1294195,,427.1290918,111.1602366
424.6480905,109.722509,,425.0652442,111.6495095,,447.1411744,107.04138,,425.5091935,111.4658724,,425.3597312,106.2175048,,428.0547795,111.1450903
425.3434257,109.6359611,,425.7601394,111.5840148,,448.1847884,106.9882038,,426.2034986,111.4110317,,426.0543876,106.3687,,429.2119488,111.129944
426.038761,109.5878789,,426.4550345,111.5185202,,449.9240255,106.9084394,,426.8980429,111.3698649,,426.7502376,106.3936754,,429.9073458,111.1905293
426.7340962,109.5494131,,427.1499296,111.4530255,,450.8528384,106.7754988,,427.5924676,111.3218611,,427.4459682,106.4312728,,430.8342244,111.2511145
427.4294314,109.414783,,427.7282729,111.3579722,,452.2437258,106.7489107,,428.2854573,111.1918144,,428.3726542,106.5823784,,431.4129281,111.2511145
428.1247667,109.3763172,,428.3066161,111.2629188,,452.9389901,106.7489107,,428.9790449,111.0959522,,429.2993402,106.7334841,,432.1066581,111.2056756
428.8201019,109.4532487,,429.00175,111.2105511,,453.4035759,106.6691463,,429.6737088,111.0616223,,429.9950708,106.7710815,,432.8003881,111.1602366
429.5154372,109.4436323,,429.6971225,111.1713101,,454.5637848,106.5627938,,430.3689706,111.061477,,430.6908014,106.8086789,,433.8413403,111.1147977
430.2107724,109.4340158,,430.2763012,111.1222008,,455.955031,106.5096176,,431.0630365,110.9929625,,431.386532,106.8462763,,435.2302292,111.1147977
430.9061077,109.3859336,,430.8544058,111.0140206,,456.6510128,106.4564413,,431.7562654,110.8765896,,432.3139342,106.9216501,,437.4293032,111.1147977
431.6014429,109.3090021,,431.5487041,110.9157088,,458.2747313,106.3500889,,432.4499726,110.7875643,,433.0093067,106.9971134,,438.1230332,111.0693587
432.2967782,109.2032213,,432.2430025,110.817397,,459.2024679,106.2969126,,433.1437993,110.705376,,433.7046793,107.0725767,,439.3961814,111.0693587
432.9921134,109.1166733,,432.9376589,110.7387755,,461.2900547,106.163972,,433.8370282,110.589003,,434.4004099,107.1101741,,440.3210356,111.0012003
433.6874487,109.0301254,,433.5161215,110.6502856,,461.9856777,106.1373839,,434.5301375,110.4657932,,435.0951857,107.2487473,,441.4773714,110.9330418
434.3827839,108.9724267,,434.094226,110.5421054,,462.6809421,106.1373839,,435.2236055,110.3630941,,435.6744241,107.3368774,,442.5183236,110.8876029
435.0781192,109.0012761,,434.7881663,110.4241033,,463.3769239,106.0842077,,435.9186281,110.3492749,,436.4854534,107.4501618,,443.6750166,110.8421639
435.7734544,109.0782076,,435.4833001,110.3717355,,464.7685288,106.0044433,,436.6140095,110.3559666,,437.761616,107.4496695,,444.4841301,110.7740055
436.4687897,109.0493583,,436.1795082,110.3784386,,465.3493508,105.8980908,,437.3083146,110.3011259,,438.5727646,107.550332,,444.9467358,110.751286
437.1641249,108.9724267,,436.8735678,110.267,,465.929814,105.8183265,,438.0020218,110.2121006,,439.2681372,107.6257953,,447.0289975,110.6831276
437.8594602,108.9147281,,437.5679855,110.1752516,,466.6257958,105.7651502,,438.6952507,110.0957277,,439.8477336,107.6760595,,447.7216558,110.5695302
438.5547954,108.8185637,,438.2627613,110.1031935,,468.3646742,105.711974,,439.3887187,109.9930286,,440.6587629,107.789344,,448.4143141,110.4559328
439.2501307,108.7704815,,438.9576564,110.0376989,,468.9447786,105.6587977,,440.0821867,109.8903295,,441.3541355,107.8648073,,449.2234276,110.3877743
439.9454659,108.7320158,,439.6520741,109.9459505,,469.641478,105.5524452,,440.7755352,109.7807935,,442.0498661,107.9024047,,450.2643798,110.3423354
440.6408011,108.6647007,,440.3463725,109.8476387,,470.4533372,105.499269,,441.4691228,109.6849313,,442.7464322,107.8516482,,451.1893532,110.2817501
441.3361364,108.6743171,,441.0413869,109.7887075,,471.0334416,105.4460928,,442.1647433,109.7052968,,443.4425209,107.8513796,,451.7672233,110.228738
442.0314716,108.6454678,,441.7369982,109.7625935,,471.961537,105.3663284,,442.8596464,109.6846407,,444.1376548,107.9520869,,452.5756224,110.1151406
442.7268069,108.5108377,,442.3162366,109.7167658,,474.2808786,105.2333878,,443.5531144,109.5819416,,444.9488034,108.0527494,,453.4996431,109.9939701
443.4221421,108.4819884,,442.8941621,109.5987405,,475.4414462,105.1004472,,444.2465824,109.4792425,,446.1089512,108.0523018,,454.1938494,109.9788237
444.1174774,108.4339062,,443.4720876,109.4807151,,477.0648059,105.0206828,,444.8239941,109.3663122,,446.8043238,108.1277652,,455.1183465,109.8879458
444.8128126,108.3665911,,444.0500131,109.3626898,,477.7607878,104.9675066,,445.4015254,109.2602189,,447.6157111,108.2031837,,456.2750394,109.8425069
445.5081479,108.3281253,,444.7450276,109.3037586,,478.4574871,104.8611541,,446.0954718,109.1848675,,448.3117998,108.2029152,,456.8524928,109.7629887
446.2034831,108.3088924,,445.4406389,109.2776445,,479.849092,104.7813897,,446.7894181,109.1095161,,449.0069336,108.3036224,,457.3138483,109.660751
446.8988184,108.2608103,,446.1358921,109.2318402,,480.7775461,104.6750373,,447.482647,108.9931431,,449.7025449,108.3538418,,458.1222473,109.5471536
447.5941536,108.1934952,,446.830071,109.1269649,,481.9366788,104.6484491,,448.1767129,108.9246286,,450.3986336,108.3535733,,458.5848531,109.5244342
448.2894889,108.145413,,447.5244887,109.0352166,,482.8647742,104.5686848,,448.8707789,108.8561141,,451.0947223,108.3533047,,459.7411888,109.4562757
448.9848241,108.1165637,,448.2190258,108.9500317,,483.7932283,104.4623323,,449.5643665,108.760252,,451.5587814,108.3531257,,460.4338471,109.3426783
449.6801594,108.1357965,,448.9130854,108.838593,,485.0700321,104.3028036,,450.2589108,108.7190851,,452.4861836,108.4284995,,461.1271008,109.2669467
450.3754946,108.0300157,,449.6078612,108.7665349,,486.3468359,104.1432749,,450.9530963,108.6574076,,453.0662575,108.4282757,,461.7043161,109.1722822
451.0708299,107.9723171,,450.3019208,108.6550963,,486.8107042,104.1166867,,451.6465644,108.5547085,,453.8774061,108.5289382,,462.1656716,109.0700446
451.7661651,107.9338513,,450.9959805,108.5436577,,487.9705543,104.0369224,,452.3400324,108.4520094,,454.5730174,108.5791576,,463.6688723,108.9791667
452.4615003,107.9146184,,451.6908756,108.478163,,488.8986497,103.957158,,453.0333808,108.3424733,,455.2691061,108.578889,,464.2457899,108.8655693
453.1568356,107.8473034,,452.3860094,108.4257952,,490.4068495,103.8242174,,453.7269684,108.2466112,,455.84918,108.5786652,,465.0545462,108.7746914
453.8521708,107.7799883,,453.0804271,108.3340469,,491.9146906,103.7178649,,454.4206756,108.1575859,,457.5886856,108.6537257,,465.631821,108.6838134
454.5475061,107.7415225,,453.7741287,108.2029179,,492.8435035,103.5849243,,455.1145024,108.0753976,,458.5164458,108.6912336,,466.2085004,108.5550697
455.2428413,107.6934403,,454.4685464,108.1111696,,493.7712401,103.5317481,,455.8088075,108.0205569,,459.4456382,108.5772777,,467.1320448,108.4036065
455.9381766,107.6453581,,455.1637996,108.0653652,,494.6989767,103.4785718,,456.5028735,107.9520424,,460.1417269,108.5770091,,468.519743,108.3278749
456.6335118,107.5491938,,455.858456,107.9867437,,495.6281483,103.3190431,,457.1959828,107.8288325,,460.9531143,108.6524277,,469.2121631,108.1991312
457.3288471,107.5011116,,456.5523963,107.8687417,,497.5994989,103.2126906,,457.88969,107.7398073,,462.9253656,108.6516668,,469.7891998,108.093107
458.0241823,107.4818787,,457.1301428,107.7408712,,498.4127932,103.0531619,,458.5838755,107.6781297,,463.6212156,108.6766422,,470.4822153,108.0022291
458.7195176,107.4337965,,457.708486,107.6458178,,498.9939739,102.9202213,,459.2775827,107.5891045,,464.3168268,108.7268616,,471.2906144,107.8886317
459.4148528,107.4145636,,458.4033811,107.5803232,,499.9227868,102.7872807,,459.9714095,107.5069161,,465.013393,108.6761051,,471.9829155,107.7523148
460.1101881,107.3376321,,459.0989924,107.5542091,,500.733211,102.8404569,,460.6652363,107.4247278,,465.7097204,108.6505926,,472.675931,107.6614369
460.8055233,107.2318513,,459.7931714,107.4493339,,501.197438,102.7872807,,461.3585847,107.3151918,,467.7972703,108.7255188,,473.4843301,107.5478395
461.5008586,107.1549197,,460.487231,107.3378953,,502.9373926,102.6543401,,462.0527702,107.2535142,,468.4935977,108.7000063,,474.5237344,107.4039495
462.1961938,107.1260704,,461.1816487,107.2461469,,503.4028753,102.5081054,,462.7469558,107.1918366,,469.1906413,108.5987619,,475.2169881,107.3282179
462.8915291,107.1068375,,461.8760664,107.1543985,,503.9835179,102.415047,,463.4405434,107.0959744,,469.8874461,108.5227615,,475.9098845,107.2297668
463.5868643,107.029906,,462.5704841,107.0626502,,505.1422918,102.415047,,464.1343702,107.0137861,,470.5834155,108.5351149,,476.4871593,107.1388889
464.2821996,106.9722074,,463.2647825,106.9643384,,506.3028595,102.2821064,,464.8278382,106.911087,,471.1631313,108.5727571,,477.5263254,106.9798525
464.9775348,106.9048923,,463.9593195,106.8791535,,507.1154362,102.1757539,,465.5214258,106.8152248,,471.9764283,108.446224,,478.450108,106.8435357
465.67287,106.7798786,,464.6544534,106.8267857,,507.9283717,102.0428133,,466.2142959,106.6783411,,473.1368149,108.4205324,,479.1427663,106.7299383
466.3682053,106.7510293,,465.3487517,106.7284739,,508.8568258,101.9364608,,466.9077639,106.575642,,473.8329036,108.4202639,,479.7203984,106.6617798
467.0635405,106.72218,,465.9264982,106.6006034,,510.0163172,101.8832846,,467.6021887,106.5276383,,474.5289923,108.4199953,,480.4135925,106.5822617
467.7588758,106.7125635,,466.5046027,106.4924232,,511.8728667,101.6971678,,468.2969721,106.5001453,,475.4578267,108.3439054,,480.8747694,106.4686643
468.454211,106.6644813,,467.1994978,106.4269286,,512.4536886,101.5908153,,468.9904401,106.3974462,,476.1542734,108.3057709,,481.4512702,106.3285608
469.1495463,106.568317,,467.8957059,106.4336316,,513.3828603,101.4312865,,469.6840277,106.301584,,476.8507202,108.2676364,,482.0287831,106.2528292
469.8448815,106.4721526,,468.4745265,106.364832,,515.1231736,101.2717578,,470.3786916,106.2672541,,477.5475251,108.191636,,483.5319839,106.1619513
470.5402168,106.4048375,,469.0526311,106.2566518,,516.7476096,101.1122291,,470.9564023,106.1714162,,478.2443299,108.1156355,,484.1089014,106.0483539
471.235552,106.3567553,,469.746452,106.1320863,,517.4443089,101.0058766,,471.5338737,106.0619044,,478.9399412,108.1658549,,484.5698997,105.9233968
471.9308873,106.2894402,,470.4407503,106.0337745,,518.1410083,100.8995241,,472.2274614,105.9660422,,479.6357911,108.1908303,,485.1465196,105.7908665
472.6262225,106.2028923,,471.1350487,105.9354627,,518.6055941,100.8197598,,472.9209294,105.8633431,,480.2165812,108.1148746,,485.839297,105.6848422
473.3215578,106.1451936,,471.7138097,105.8633814,,519.3015759,100.7665835,,473.6146366,105.7743178,,481.0298782,107.9883415,,486.5321934,105.5863912
474.016893,106.0971114,,472.2917352,105.745356,,520.4617848,100.6602311,,474.3083438,105.6852926,,481.7262057,107.962829,,487.2241373,105.4273548
474.7122283,106.0778786,,472.9853174,105.6076637,,521.1584842,100.5538786,,475.0026489,105.6304519,,482.8865922,107.9371375,,487.9165575,105.2986111
475.4075635,106.0201799,,473.6803318,105.5487325,,522.7822026,100.4475261,,475.6973128,105.596122,,483.5835164,107.8485151,,488.3780915,105.2077332
476.1028988,105.9143991,,474.3757044,105.5094915,,523.8276104,100.2614092,,476.3918571,105.5549552,,484.2804406,107.7598927,,489.5328793,105.0411237
476.798234,105.8182347,,475.0704802,105.4374335,,524.6401871,100.1550568,,477.0856838,105.4727668,,484.8614694,107.658693,,490.226133,104.9653921
477.4935693,105.7893854,,475.7650172,105.3522485,,525.5682825,100.0752924,,477.6636337,105.3906027,,485.674289,107.5826479,,490.9186722,104.8442215
478.1889045,105.7124539,,476.4599124,105.2867539,,526.4970954,99.94235179,,478.240866,105.2674171,,486.3708551,107.5318914,,491.4959471,104.7533436
478.8842397,105.6355224,,477.1546881,105.2146958,,527.0775586,99.86258743,,478.8182777,105.1544868,,487.0682567,107.3927811,,492.3051796,104.6927583
479.579575,105.6162895,,477.7329717,105.1163608,,527.8897766,99.78282307,,479.3960481,105.0620673,,487.7647035,107.3546466,,492.9980761,104.5943073
480.2749102,105.539358,,478.1952405,105.0180024,,528.5861172,99.70305871,,480.0908315,105.0345743,,488.4610309,107.3291341,,493.5753509,104.5034294
480.9702455,105.45281,,478.6573302,104.9097989,,529.51493,99.57011811,,480.785615,105.0070814,,489.1580744,107.2278897,,494.1521494,104.3822588
481.6655807,105.3566456,,479.2359122,104.8278725,,530.2119881,99.4371775,,481.4795614,104.9317299,,489.8548793,107.1518893,,494.8450459,104.2838077
482.360916,105.3181799,,479.9317622,104.8148852,,530.6769327,99.33082502,,482.0570926,104.8256366,,490.5514454,107.1011328,,495.4223802,104.1967164
483.0562512,105.2797141,,480.6261799,104.7231369,,532.0681789,99.27764878,,482.6347435,104.7263802,,491.1319967,107.0504211,,495.8830212,104.0490398
483.7515865,105.2220155,,481.3201201,104.6051348,,532.9962742,99.19788442,,483.3290486,104.6715395,,491.9450551,106.949132,,496.3440195,103.9240826
484.4469217,105.1547004,,482.0141798,104.4936962,,533.808851,99.09153193,,484.0232341,104.6098619,,492.6420986,106.8478876,,496.9207584,103.7991255
485.142257,105.0681524,,482.7091943,104.434765,,534.8542587,98.90541509,,484.7168218,104.5139998,,493.455157,106.7465984,,497.8448982,103.6855281
485.8375922,104.9912209,,483.4040894,104.3692703,,535.5509581,98.79906261,,485.409931,104.3907899,,494.2682153,106.6453093,,498.4219944,103.5832905
486.5329275,104.8662072,,484.0983877,104.2709585,,536.7115257,98.666122,,486.103997,104.3222754,,495.1978852,106.4808655,,498.8828141,103.4469736
487.2282627,104.7604264,,484.792328,104.1529565,,537.8717346,98.55976952,,486.7980629,104.2537609,,495.8948094,106.3922431,,499.3438123,103.3220165
487.923598,104.6834949,,485.4872231,104.0874618,,539.0326611,98.4002408,,487.4916505,104.1578987,,496.5914949,106.3288646,,500.383931,103.2235654
488.6189332,104.6354127,,486.1819989,104.0154037,,539.7290016,98.32047644,,488.1851186,104.0551996,,497.2884191,106.2402422,,501.0767084,103.1175412
489.3142685,104.5969469,,486.876536,103.9302188,,540.657097,98.24071207,,488.8788258,103.9661744,,497.9861788,106.063266,,501.8854647,103.0266632
490.0096037,104.5296319,,487.4542227,103.7990666,,541.237919,98.13435959,,489.5727721,103.890823,,498.5673269,105.9494444,,502.6946972,102.966078
490.704939,104.423851,,488.0319095,103.6679144,,541.8192791,97.98812493,,490.2669577,103.8291454,,499.3805046,105.8355333,,503.2716744,102.8562671
491.4002742,104.3180702,,488.7278789,103.6614906,,542.9793086,97.89506651,,490.9611432,103.7674678,,500.0773094,105.7595328,,503.7323154,102.7085905
492.0956094,104.2411387,,489.3070576,103.6123813,,543.9084802,97.73553778,,491.5392724,103.6955591,,500.7737562,105.7213984,,504.1922419,102.515475
492.7909447,104.1642072,,489.8854008,103.5173279,,545.1842078,97.65577342,,492.1169233,103.5963026,,501.4706804,105.632776,,505.0018913,102.4813957
493.4862799,104.1642072,,490.5800572,103.4387064,,545.9971432,97.52283282,,492.8109892,103.5277881,,502.1677239,105.5315316,,505.9261501,102.3753715
494.1816152,104.0872757,,491.274475,103.3469581,,547.1587872,97.31012785,,493.5052943,103.4729475,,502.865603,105.3419333,,506.6189275,102.2693473
494.8769504,103.9526455,,491.9685346,103.2355194,,547.8558453,97.17718725,,494.1988819,103.3770853,,503.7955116,105.1522456,,507.1963214,102.1860425
495.5722857,103.8660976,,492.6639071,103.1962785,,548.5521858,97.09742289,,494.8931871,103.3222446,,504.4923164,105.0762452,,507.6573197,102.0610854
496.2676209,103.7795496,,493.3595184,103.1701644,,549.48064,96.9910704,,495.587253,103.2537301,,505.0734645,104.9624236,,508.1181393,101.9247685
496.9629562,103.7314674,,494.0544135,103.1046698,,550.5260477,96.80495356,,496.1646647,103.1407999,,505.8866422,104.8485124,,508.9270742,101.8452503
497.6582914,103.721851,,494.7484732,102.9932312,,551.8028515,96.64542484,,496.7425547,103.0552173,,506.5840439,104.7094021,,509.8518093,101.7695187
498.2377375,103.5776044,,495.4420554,102.8555388,,552.4991921,96.56566047,,497.4369794,103.0072136,,507.2818035,104.5324259,,510.4290246,101.6748543
498.8171835,103.4141249,,496.020876,102.7867392,,553.4284833,96.39726904,,498.130567,102.9113514,,508.2112347,104.393226,,510.8900228,101.5498971
499.5125187,103.3756592,,496.5990999,102.6851224,,554.1254219,96.27319115,,498.7083973,102.8223503,,509.1400691,104.3171361,,511.4668213,101.4287266
500.207854,103.3179605,,497.2942338,102.6327546,,555.0542347,96.14025054,,499.2856296,102.6991647,,509.8375901,104.1654038,,512.1592415,101.2999829
500.9031892,103.2698783,,497.9902031,102.6263308,,555.6354154,96.00730994,,499.9794564,102.6169764,,510.4190963,104.0137163,,512.7361591,101.1863855
501.5985245,103.2314126,,498.4527106,102.5410993,,556.4479922,95.90095746,,500.6741202,102.5826465,,511.2321546,103.9124271,,513.4291746,101.0955075
502.2938597,103.1448646,,498.566756,102.432826,,557.3760875,95.8211931,,501.3692624,102.5756642,,512.1621826,103.7101174,,514.2375737,100.9819102
502.8733058,103.0294673,,498.912831,102.3245993,,558.5366552,95.68825249,,502.0630892,102.4934759,,512.8597036,103.5583851,,515.0457942,100.856953
503.4527518,102.8756043,,499.607368,102.2394144,,559.2333545,95.58190001,,502.7561985,102.370266,,513.5569859,103.4318967,,516.430575,100.595679
504.1480871,102.8179057,,500.3026212,102.19361,,560.3946397,95.39578317,,503.4494274,102.2538931,,514.2542681,103.3054084,,517.238974,100.4820816
504.8434223,102.7986728,,500.9979938,102.1543691,,561.5555661,95.23625444,,504.142417,102.1238463,,515.1840574,103.1283426,,518.1623994,100.3230453
505.5387576,102.6640427,,501.6938438,102.1413819,,562.2522655,95.12990196,,504.8373201,102.1031903,,515.8818171,102.9513664,,518.739317,100.2094479
506.2340928,102.5967276,,502.2727838,102.0791457,,563.0652009,94.99696136,,505.5324623,102.0962081,,516.811845,102.7490567,,519.3162345,100.0958505
506.9294281,102.5101796,,502.8508883,101.9709655,,563.9943726,94.83743263,,506.2255716,101.9729982,,517.5088886,102.6478123,,520.0099645,100.0504115
507.6247633,102.3755495,,503.5449479,101.8595268,,564.8073081,94.70449203,,506.9192788,101.8839729,,518.2066483,102.470836,,520.7026229,99.93681413
508.3200985,102.3370837,,504.2399624,101.8005956,,565.5040074,94.59813955,,507.6133447,101.8154584,,519.1361988,102.3190142,,521.2795404,99.82321674
509.0154338,102.298618,,504.9362898,101.8138621,,566.1999893,94.54496331,,508.3071715,101.7332701,,519.8334811,102.1925259,,522.0881777,99.72476566
509.710769,102.2409193,,505.5145734,101.7155271,,567.1284434,94.43861082,,509.0009983,101.6510818,,520.5313601,102.0029276,,522.7811932,99.63388775
510.4061043,102.0870563,,506.0923795,101.5909383,,567.9413789,94.30567022,,509.6951838,101.5894042,,521.2290005,101.8385734,,523.4739706,99.52786351
511.1014395,102.0101248,,506.7866779,101.4926265,,568.7539556,94.19931774,,510.3891302,101.5140528,,521.9262827,101.712085,,524.1661526,99.38397348
511.7967748,101.9524262,,507.4807375,101.3811878,,569.6824097,94.09296526,,510.9669604,101.4250517,,522.8563107,101.5097753,,524.8585728,99.25522977
512.49211,101.7985631,,508.1752746,101.2960029,,571.0761672,93.85367217,,511.5445515,101.3223768,,523.5540704,101.332799,,525.7825935,99.13405921
513.1874453,101.7023987,,508.8705278,101.2501986,,572.4692071,93.66755533,,512.238737,101.2606993,,524.2511139,101.2315546,,526.4753709,99.02803498
513.8827805,101.6447001,,509.5668552,101.2634651,,573.1662652,93.53461472,,512.9332813,101.2195324,,524.9488736,101.0545784,,527.167672,98.89171811
514.5781158,101.5677686,,510.2615116,101.1848436,,573.7474459,93.40167412,,513.6272277,101.144181,,525.6466333,100.8776021,,527.8604494,98.78569387
515.273451,101.4619878,,510.9547357,101.0274609,,574.6766175,93.2421454,,514.3210544,101.0619927,,526.3442737,100.7132479,,528.7848274,98.6872428
515.9687863,101.3754398,,511.6496309,100.9619663,,575.2570807,93.16238103,,515.01524,101.0003151,,527.041914,100.5488936,,529.4774857,98.5736454
516.6641215,101.3177412,,512.3444066,100.8899082,,576.0692987,93.08261667,,515.7093059,100.9318006,,527.6233008,100.409828,,530.0545819,98.47140775
517.3594568,101.2119603,,513.0389437,100.8047233,,576.9984704,92.92308795,,516.4031327,100.8496123,,528.4371947,100.220185,,530.6313209,98.34645062
518.054792,101.0869466,,513.7337195,100.7326652,,577.6951697,92.81673547,,517.0968399,100.760587,,529.3674614,99.99263135,,531.3238601,98.22528006
518.7501273,100.9811658,,514.4282565,100.6474803,,578.6243413,92.65720674,,517.7907863,100.6852356,,529.9493256,99.80307788,,532.2485953,98.14954847
519.4454625,100.9234672,,515.1225549,100.5491685,,579.6693904,92.49767802,,518.4840151,100.5688627,,530.7629807,99.63867884,,532.9411345,98.02837791
520.1407978,100.8176863,,515.8167338,100.4442933,,580.8306755,92.31156117,,519.1779615,100.4935112,,531.4605017,99.48694655,,533.6334356,97.89206104
520.836133,100.7022891,,516.5112709,100.3591083,,582.224433,92.07226809,,519.8729841,100.4796921,,532.1582614,99.30997029,,534.3258558,97.76331733
521.5314682,100.6061247,,517.2060467,100.2870503,,583.1528871,91.96591561,,520.5674088,100.4316884,,533.0885281,99.08241661,,534.9028329,97.65350652
522.2268035,100.548426,,517.9005837,100.2018654,,584.7783993,91.72662252,,521.2606377,100.3153154,,533.7865265,98.88019639,,535.4800482,97.55884202
522.9221387,100.5003438,,518.5948821,100.1035536,,585.938967,91.59368192,,521.9538665,100.1989425,,534.4842862,98.70322014,,536.0579184,97.5058299
523.617474,100.3560973,,519.2895385,100.0249321,,586.4035528,91.51391756,,522.6482912,100.1509387,,535.1821652,98.51362191,,536.8666746,97.41495199
524.3128092,100.2599329,,519.984553,99.96600085,,587.2161295,91.40756507,,523.3433139,100.1371196,,535.8800443,98.32402367,,537.7908145,97.3013546
525.0081445,100.1733849,,520.6793288,99.89394278,,588.0287062,91.30121259,,524.0366623,100.0275836,,536.5775653,98.17229138,,538.4832346,97.17261088
525.7034797,100.086837,,521.3741045,99.82188471,,588.6098869,91.16827199,,524.7301303,99.9248845,,537.2750862,98.02055908,,539.1759525,97.06280007
526.398815,99.97143969,,522.0685222,99.73013635,,589.654936,91.00874326,,525.4243159,99.86320692,,537.9726072,97.86882678,,540.5632339,96.96056241
527.0941502,99.86565886,,522.7644916,99.72371257,,590.5837488,90.87580266,,526.1185014,99.80152934,,538.6708443,97.64136261,,541.3714543,96.83560528
527.7894855,99.76949446,,523.3432526,99.65163123,,591.2804482,90.76945018,,526.8126869,99.73985176,,539.6008723,97.43905289,,541.8322739,96.69928841
528.4848207,99.68294651,,523.921178,99.53360588,,592.2092611,90.63650957,,527.506155,99.63715266,,540.2985126,97.27469861,,542.2936294,96.59705075
529.180156,99.58678212,,524.6155958,99.44185752,,593.3705462,90.45039273,,528.2002209,99.56863817,,540.8801382,97.11038909,,543.1023857,96.50617284
529.8754912,99.47138485,,525.3106102,99.38292631,,593.9517269,90.31745213,,528.8947652,99.52747135,,541.3459877,96.92088038,,543.6796605,96.41529492
530.5708265,99.34637114,,526.0061021,99.35024881,,594.7643037,90.21109964,,529.5887116,99.45211993,,542.1594041,96.7817253,,544.7188266,96.25625857
531.2661617,99.27905607,,526.7011166,99.2913176,,595.461003,90.10474716,,530.2822992,99.35625775,,542.8574025,96.57950509,,545.6429664,96.14266118
531.961497,99.20212455,,527.3955343,99.19956924,,595.9255888,90.0249828,,530.9757672,99.25355865,,543.5552815,96.38990686,,546.4517227,96.05178326
532.6568322,99.10596016,,528.0900714,99.11438431,,596.6222882,89.91863032,,531.6699527,99.19188108,,544.2531606,96.20030862,,547.2601217,95.93818587
533.3521675,98.99056289,,528.7846085,99.02919938,,597.4352237,89.78568971,,532.3646166,99.15755118,,544.9510396,96.01071039,,547.9524228,95.801869
534.0475027,98.88478206,,529.4787874,98.92432417,,598.8293399,89.51980851,,533.0586826,99.08903668,,545.6489187,95.82111216,,548.5293404,95.6882716
534.7428379,98.79823411,,530.1729664,98.81944895,,599.6415578,89.44004415,,533.7527485,99.02052218,,546.3470364,95.60626997,,549.3379776,95.58982053
535.4381732,98.6732204,,530.8678616,98.75395431,,600.5707295,89.28051542,,534.4468145,98.95200769,,546.928841,95.42302748,,550.0312313,95.51408893
536.1335084,98.56743957,,531.5633535,98.72127682,,601.035674,89.17416294,,535.1400433,98.83563475,,547.5110037,95.20191906,,550.7237706,95.39291838
536.8288437,98.48089162,,532.2584873,98.66890903,,602.1955242,89.09439858,,535.8341093,98.76712025,,548.2087634,95.02494281,,551.4167861,95.30204047
537.5241789,98.41357654,,532.952905,98.57716067,,602.8925823,88.96145798,,536.528534,98.71911651,,548.9066424,94.83534457,,552.3416404,95.23388203
538.2195142,98.29817927,,533.6473227,98.48541232,,603.5899991,88.80192925,,537.2225999,98.65060201,,549.6041634,94.68361228,,553.0342987,95.12028464
538.9148494,98.182782,,534.3420985,98.41335425,,604.518812,88.66898865,,537.917503,98.62994596,,550.3024005,94.45614811,,553.7262425,94.96124829
539.6101847,98.09623405,,535.037113,98.35442303,,605.6790209,88.56263617,,538.6119277,98.58194222,,551.0006376,94.22868394,,554.3035174,94.87037037
540.3055199,98.04815185,,535.7318887,98.28236496,,606.607475,88.45628368,,539.3055153,98.48608004,,551.5825019,94.03913046,,555.1123927,94.78706561
541.0008552,97.92313814,,536.4271419,98.23656061,,607.3045331,88.32334308,,539.99994,98.4380763,,552.3963957,93.84948747,,555.804932,94.66589506
541.6961904,97.75004224,,537.1225145,98.19731968,,607.8857139,88.19040248,,540.6946039,98.40374641,,553.0946329,93.6220233,,556.4975903,94.55229767
542.3915257,97.63464497,,537.8174096,98.13182504,,608.6986493,88.05746187,,541.388909,98.34890575,,553.7926313,93.41980309,,557.0752223,94.48413923
543.0868609,97.54809702,,538.512066,98.05320354,,610.7887474,87.73840443,,542.0820182,98.22569589,,554.4902716,93.25544882,,557.8844549,94.42355396
543.7821962,97.45193262,,539.2066031,97.96801861,,612.6460144,87.49911134,,542.7760842,98.15718139,,555.0724342,93.0343404,,558.8082375,94.28723708
544.4775314,97.33653535,,539.9019757,97.92877769,,613.3430725,87.36617074,,543.4707481,98.1228515,,555.6543582,92.83847593,,559.5007767,94.16606653
545.1728667,97.24037096,,540.5967514,97.85671962,,613.9242532,87.23323013,,544.1649336,98.06117392,,556.3523566,92.63625572,,560.0784088,94.09790809
545.8682019,97.14420657,,541.2905724,97.73215411,,614.7368299,87.12687765,,544.8587604,97.97898558,,557.0498776,92.48452342,,560.7714243,94.00703018
546.5635371,97.06727506,,541.9848707,97.63384233,,615.665284,87.02052517,,545.5525872,97.89679724,,557.7476373,92.30754717,,561.5800615,93.9085791
547.2588724,96.94226135,,542.680482,97.60772826,,617.1738426,86.86099645,,546.2465335,97.82144582,,558.4456357,92.10532696,,562.2731961,93.82527435
547.9542076,96.81724764,,543.3758545,97.56848733,,618.2192504,86.6748796,,546.9415562,97.80762669,,559.1438728,91.87786279,,562.9658545,93.71167695
548.6495429,96.69223393,,544.0702722,97.47673898,,618.684195,86.56852712,,547.6357417,97.74594911,,559.7257371,91.68830931,,563.6585128,93.59807956
549.3448781,96.57683666,,544.7651674,97.41124433,,619.8447626,86.43558652,,548.328851,97.62273925,,560.423258,91.53657702,,564.3516474,93.51477481
550.0402134,96.48067227,,545.4604206,97.36543998,,620.7732167,86.32923403,,549.0226777,97.54055091,,561.005361,91.32177959,,565.0445439,93.41632373
550.7355486,96.39412432,,546.155435,97.30650877,,621.9341431,86.16970531,,549.7168633,97.47887334,,561.7033594,91.11955937,,565.9689218,93.31787266
551.4308839,96.27872705,,546.8505689,97.25414098,,622.8625973,86.06335283,,550.4110488,97.41719576,,562.4015965,90.89209521,,567.1250194,93.2345679
552.1262191,96.17294622,,547.5449866,97.16239262,,623.7910514,85.95700034,,551.1048756,97.33500742,,562.9834608,90.70254173,,567.8176777,93.12097051
552.8215544,96.06716538,,548.239643,97.08377112,,624.487392,85.87723598,,551.7993003,97.28700368,,563.5654444,90.50036628,,568.5099788,92.98465364
553.5168896,95.90368592,,548.9344188,97.01171305,,625.4165636,85.71770726,,552.4940837,97.25951071,,564.2635622,90.28552409,,569.2026372,92.87105624
554.2122249,95.75943933,,549.6297913,96.97247213,,626.4619714,85.53159041,,553.1887476,97.22518081,,564.9617993,90.05805992,,570.1270151,92.77260517
554.9075601,95.66327494,,550.3248058,96.91354092,,627.2745481,85.42523793,,553.7662789,97.11908747,,565.6597977,89.85583971,,571.2831127,92.68930041
555.6028954,95.53826123,,551.0198203,96.8546097,,627.9708887,85.34547357,,554.3438102,97.01299412,,566.2411845,89.71677415,,571.9768427,92.64386145
556.2982306,95.42286396,,551.7145961,96.78255163,,629.1307389,85.26570921,,555.0373978,96.91713194,,567.0550784,89.52713116,,572.5541175,92.55298354
556.9935659,95.31708313,,552.4098493,96.73674728,,630.0595517,85.1327686,,555.7313441,96.84178053,,567.7533155,89.29966699,,573.3625166,92.43938615
557.6889011,95.20168586,,553.1051025,96.69094292,,630.7562511,85.02641612,,556.4258884,96.80061371,,568.4515526,89.07220282,,574.2865373,92.31821559
558.3842364,95.10552147,,553.7995202,96.59919456,,631.5691866,84.89347552,,557.1205523,96.76628381,,569.1497897,88.84473865,,574.9796719,92.23491084
559.0795716,95.00935708,,554.4939379,96.50744621,,632.6142356,84.7339468,,557.8159337,96.77297544,,569.8480269,88.61727448,,575.6726874,92.14403292
559.7749068,94.93242556,,555.1885943,96.42882471,,633.3105762,84.65418243,,558.5109563,96.7591563,,570.546264,88.38981031,,576.4814437,92.05315501
560.4702421,94.79779541,,555.8833701,96.35676664,,634.2393891,84.52124183,,559.2050222,96.69064181,,571.2440237,88.21283406,,577.2902,91.96227709
561.1655773,94.66316527,,556.5783845,96.29783542,,635.1678432,84.41488935,,559.898849,96.60845347,,571.9420221,88.01061385,,577.9833346,91.87897234
561.8609126,94.547768,,557.2736377,96.25203107,,636.0962973,84.30853687,,560.5924366,96.51259129,,572.6402592,87.78314968,,578.6758739,91.75780178
562.5562478,94.43237073,,557.9694877,96.23904386,,636.7926379,84.2287725,,561.2868613,96.46458755,,573.3384963,87.55568551,,579.4846302,91.66692387
563.2515831,94.28812414,,558.6645022,96.18011265,,637.6055734,84.0958319,,561.9810469,96.40290997,,574.0367334,87.32822134,,580.2937437,91.59876543
563.9469183,94.14387755,,559.3590393,96.09492772,,638.4181501,83.98947942,,562.6746345,96.3070478,,574.6185977,87.13866786,,580.8710185,91.50788752
564.6422536,94.03809672,,560.0532183,95.9900525,,639.3466042,83.88312693,,563.3682221,96.21118562,,575.4324915,86.94902487,,582.0255681,91.32613169
565.3375888,93.94193233,,560.7489489,95.97050186,,640.2754171,83.75018633,,564.0625272,96.15634496,,576.1307286,86.7215607,,582.8342053,91.22768061
566.0329241,93.82653506,,561.4437247,95.89844379,,641.2045887,83.59065761,,564.7565932,96.08783046,,576.8289658,86.49409654,,583.7588214,91.14437586
566.7282593,93.72075423,,562.1383811,95.81982229,,642.3651564,83.457717,,565.4510179,96.03982672,,577.5269642,86.29187632,,584.4524323,91.09136374
567.4235946,93.62458984,,562.8336343,95.77401794,,643.0618557,83.35136452,,566.1462797,96.03968143,,578.2247239,86.11490007,,585.0301834,91.03077846
568.1189298,93.48995969,,563.5287681,95.72165015,,643.7585551,83.24501204,,566.8403456,95.97116693,,578.922961,85.8874359,,585.839297,90.96262003
568.8142651,93.36494598,,564.223902,95.66928237,,644.5707731,83.16524768,,567.534292,95.89581551,,579.6211981,85.65997173,,586.7639131,90.87931527
569.5096003,93.23031583,,564.9191552,95.62347802,,645.3826323,83.11207144,,568.2288363,95.8546487,,580.3189578,85.48299548,,587.688291,90.7808642
570.2049356,93.10530212,,565.6141696,95.5645468,,646.3107277,83.03230707,,568.9227826,95.77929728,,581.0173143,85.24290933,,588.3809493,90.6672668
570.9002708,92.98990485,,566.3093035,95.51217902,,647.0067095,82.97913083,,569.6168486,95.71078278,,581.5991785,85.05335586,,589.0736077,90.55366941
571.5956061,92.9033569,,567.004676,95.47293809,,647.7030501,82.89936647,,570.3113929,95.66961597,,582.1809234,84.87642436,,589.7672186,90.50065729
572.2909413,92.80719251,,567.7004067,95.45338745,,648.631863,82.76642587,,571.0061763,95.64212299,,582.8789218,84.67420415,,590.8079326,90.44007202
572.9862765,92.67256236,,568.3949437,95.36820252,,649.3282036,82.68666151,,571.7000031,95.55993465,,583.5770396,84.45936196,,591.5013054,90.37191358
573.6816118,92.53793221,,569.0891227,95.26332731,,650.1400628,82.63348527,,572.3935907,95.46407247,,584.1588442,84.27611947,,592.3100617,90.28103567
574.376947,92.40330206,,569.7841372,95.2043961,,651.3006304,82.50054466,,573.0882546,95.42974258,,584.7408875,84.06763303,,593.0030773,90.19015775
575.0722823,92.27828835,,570.4790323,95.13890146,,652.1135659,82.36760406,,573.7825597,95.37490192,,585.4384085,83.91590073,,593.6957356,90.07656036
575.7676175,92.16289108,,571.1742855,95.0930971,,653.0423788,82.23466346,,574.4765061,95.2995505,,586.1364069,83.71368052,,594.6198754,89.96296296
576.4629528,92.04749381,,571.8691807,95.02760246,,653.9704742,82.15489909,,575.1706916,95.23787292,,586.8341666,83.53670427,,595.5443724,89.87208505
577.158288,91.91286366,,572.5641951,94.96867125,,655.1303243,82.07513473,,575.8645184,95.15568458,,587.5324037,83.3092401,,596.4692267,89.80392661
577.8536233,91.77823352,,573.2594483,94.92286689,,656.2912507,81.91560601,,576.5588235,95.10084393,,588.1140889,83.13861959,,597.1633139,89.78120713
578.5489585,91.69168556,,573.9548209,94.88362596,,656.9879501,81.80925353,,577.2533678,95.05967711,,588.6961322,82.93013315,,597.7405887,89.69032922
579.2442938,91.60513761,,574.649716,94.81813132,,657.8001681,81.72948916,,577.9480317,95.02534721,,589.3941306,82.72791294,,598.5489877,89.57673182
579.939629,91.48974034,,575.3454466,94.79858068,,658.6120273,81.67631292,,578.6423368,94.97050656,,590.0918903,82.55093668,,599.2420033,89.48585391
580.6349643,91.35511019,,576.0410579,94.77246662,,659.3080091,81.62313668,,579.3365223,94.90882898,,590.6733965,82.39924915,,600.166024,89.36468336
581.3302995,91.23009648,,576.7358337,94.70040854,,660.1198684,81.56996044,,580.0308274,94.85398832,,591.2552608,82.20969567,,601.0909973,89.30409808
582.0256348,91.07623346,,577.4306095,94.62835047,,660.6999728,81.5167842,,580.7245346,94.76496306,,591.9531398,82.02009744,,601.7854418,89.30409808
582.72097,90.97045263,,578.1257433,94.57598269,,661.6280682,81.43701984,,581.4182418,94.67593781,,592.6513769,81.79263327,,602.5945553,89.23593964
583.4163053,90.87428823,,578.8211159,94.53674176,,662.5565223,81.33066735,,582.1120686,94.59374947,,593.349614,81.5651691,,603.4029544,89.12234225
584.1116405,90.71080877,,579.5162497,94.48437398,,663.7170899,81.19772675,,582.8066129,94.55258265,,593.9314783,81.37561563,,604.0954936,89.0011717
584.8069757,90.57617862,,580.2111448,94.41887934,,664.6459028,81.06478615,,583.5016355,94.53876352,,594.7453721,81.18597264,,604.7893427,88.9633059
585.502311,90.49924711,,580.9059206,94.34682127,,665.3415259,81.03819803,,584.1968973,94.53861822,,595.4436093,80.95850847,,605.3673319,88.91786694
586.1976462,90.39346628,,581.6012932,94.30758034,,666.2689038,81.01160991,,584.8903653,94.43591912,,596.1416077,80.75628826,,605.944964,88.8497085
586.8929815,90.27806901,,582.2963076,94.24864913,,667.4298302,80.85208118,,585.5841921,94.35373078,,596.8393674,80.579312,,606.8699373,88.78912323
587.5883167,90.18190461,,582.9913221,94.18971792,,669.0542661,80.69255246,,586.2784972,94.29889013,,597.5376045,80.35184783,,607.5624765,88.66795267
588.283652,90.00880871,,583.6863366,94.1307867,,669.983079,80.55961186,,586.9736394,94.29190791,,598.2358416,80.12438366,,608.2557302,88.59222108
588.9789872,89.87417856,,584.3814705,94.07841892,,670.9108156,80.50643562,,587.6689012,94.29176262,,598.9336013,79.94740741,,608.8341958,88.57707476
589.6743225,89.80686349,,585.0770817,94.05230485,,671.6067975,80.45325937,,588.3633259,94.24375888,,599.6315997,79.7451872,,610.1063913,88.51648948
590.3696577,89.72993197,,585.7732898,94.05900793,,673.4637057,80.24055441,,589.056794,94.14105978,,600.3297175,79.53034501,,610.7994069,88.42561157
591.064993,89.62415114,,586.4689011,94.03289386,,674.3921598,80.13420193,,589.7505011,94.05203452,,601.0275965,79.34074677,,611.3765626,88.32716049
591.7603282,89.49913743,,587.1641543,93.9870895,,675.0881417,80.08102569,,590.4454042,94.03137847,,601.7255949,79.13852656,,611.9541947,88.25900206
592.4556635,89.36450728,,587.8600042,93.97410229,,676.7111426,80.02784944,,591.1407856,94.03807009,,602.4231159,78.98679427,,613.1106495,88.19841678
593.1509987,89.21064426,,588.5546607,93.89548079,,677.8717103,79.89490884,,591.8349711,93.97639251,,603.1214724,78.74670812,,613.8034269,88.09239255
593.846334,89.09524699,,589.2491977,93.81029587,,678.8001644,79.78855636,,592.5283195,93.86685649,,603.7032173,78.56977662,,614.381178,88.03180727
594.5416692,88.9990826,,589.9442122,93.75136465,,679.496505,79.708792,,593.2223855,93.798342,,604.516753,78.41799957,,615.3063894,87.98636831
595.2370045,88.86445245,,590.6395848,93.71212373,,680.1924868,79.65561576,,593.9169298,93.75717518,,605.2146321,78.22840133,,616.115622,87.92578304
595.9323397,88.70097298,,591.3349573,93.6728828,,682.2797148,79.54926327,,594.6118328,93.73651912,,605.9125111,78.0388031,,616.8088757,87.85005144
596.627675,88.60480859,,592.0300911,93.62051502,,685.0625659,79.41632267,,595.3067359,93.71586307,,606.6103902,77.84920487,,617.7340872,87.80461248
597.3230102,88.5086442,,592.725225,93.56814723,,685.9913788,79.28338207,,596.0008018,93.64734857,,607.3082692,77.65960663,,618.4273409,87.72888089
598.0183454,88.40286337,,593.4201201,93.50265259,,687.6158148,79.12385334,,596.6948677,93.57883407,,608.0066257,77.41952049,,619.1203564,87.63800297
598.7136807,88.22976746,,594.1148959,93.43059452,,689.2388157,79.0706771,,597.3888141,93.50348265,,608.5880125,77.28045493,,619.8134911,87.55469822
599.4090159,88.10475375,,594.8108652,93.42417074,,691.0932127,79.04408898,,598.0827605,93.42813124,,609.4015483,77.12867787,,620.3918375,87.53197874
600.1043512,87.98935648,,595.5062378,93.38492981,,691.789912,78.9377365,,598.7767068,93.35277982,,610.0994273,76.93907964,,621.4327898,87.48653978
600.7996864,87.85472633,,596.2012523,93.3259986,,692.9490447,78.91114838,,599.4714903,93.32528684,,610.7976645,76.71161547,,622.2422605,87.44110082
601.4950217,87.73932906,,596.8962668,93.26706739,,693.645744,78.80479589,,600.1666325,93.31830463,,611.4956629,76.50939526,,622.9359905,87.39566187
602.1903569,87.68163043,,597.5911619,93.20157275,,695.0377077,78.69844341,,600.8605789,93.24295321,,612.1931838,76.35766296,,623.745104,87.32750343
602.8856922,87.59508248,,598.2859377,93.12951468,,695.6170946,78.69844341,,601.554884,93.18811255,,612.8909435,76.18068671,,624.438834,87.28206447
603.5810274,87.42198657,,598.9809521,93.07058346,,696.6610674,78.61867905,,602.2499066,93.17429342,,613.4726288,76.0100662,,625.1318495,87.19118656
604.2763627,87.33543862,,599.6769215,93.06415968,,697.357408,78.53891469,,602.9445705,93.13996352,,614.0541946,75.85206767,,625.8248651,87.10030864
604.9716979,87.25850711,,600.3721747,93.01835533,,699.4428422,78.56550281,,603.6383973,93.05777518,,614.7517156,75.70033538,,626.6339786,87.03215021
605.6670332,87.16234271,,601.067786,92.99224126,,700.3716551,78.43256221,,604.3327024,93.00293453,,615.3333412,75.53602586,,627.6749308,86.98671125
606.3623684,87.01809613,,601.7638747,92.99238091,,702.2274871,78.2996216,,605.027725,92.98911539,,616.147235,75.34638287,,628.3693753,86.98671125
607.0577037,86.87384954,,602.4592472,92.95313998,,702.9238277,78.21985724,,605.7225085,92.96162241,,616.845114,75.15678464,,628.9477217,86.96399177
607.7530389,86.72960295,,603.154381,92.9007722,,704.3150739,78.166681,,606.416694,92.89994484,,617.5429931,74.9671864,,629.6407373,86.87311385
608.4483742,86.63343856,,603.8489181,92.81558727,,707.559282,78.19326912,,607.1106404,92.82459342,,618.2405141,74.81545411,,630.3337528,86.78223594
609.1437094,86.55650705,,604.5441713,92.76978291,,708.4863011,78.19326912,,607.8043476,92.73556816,,618.8223783,74.62590063,,631.1425091,86.69135802
609.8390447,86.46995909,,605.2397826,92.74366884,,709.415114,78.06032852,,608.4980548,92.6465429,,619.6359141,74.47412358,,631.8362391,86.64591907
610.5343799,86.32571251,,605.9353938,92.71755478,,709.8800585,77.95397603,,609.1929578,92.62588685,,620.3337931,74.28452534,,632.2988449,86.62319959
611.2297151,86.16223304,,606.6313632,92.71113099,,710.8088714,77.82103543,,609.8884587,92.63941539,,621.0313141,74.13279305,,634.149625,86.55504115
611.9250504,86.05645221,,607.3263777,92.65219978,,712.4315136,77.79444731,,610.5827639,92.58457473,,621.7290738,73.95581679,,634.8422834,86.44144376
612.6203856,85.9795207,,608.0203179,92.53419771,,713.3578152,77.84762355,,611.2764711,92.49554948,,622.4261174,73.85457241,,635.5355371,86.36571216
613.3157209,85.86412343,,608.7154518,92.48182992,,714.5169479,77.82103543,,611.9702978,92.41336114,,623.123519,73.71546209,,636.6927063,86.35056584
614.0110561,85.7583426,,609.4122566,92.52135015,,715.3295246,77.71468295,,612.6653205,92.399542,,623.821398,73.52586386,,637.6175606,86.28240741
614.7063914,85.6621782,,610.108584,92.53461665,,716.1422209,77.59946776,,613.3603431,92.38572287,,624.518919,73.37413156,,638.5420576,86.19152949
615.4017266,85.54678093,,610.8026437,92.42317801,,717.53263,77.60833047,,614.0541699,92.30353453,,625.2166787,73.19715531,,639.2356685,86.13851738
616.0970619,85.43138366,,611.4967033,92.31173936,,719.6173467,77.68809483,,614.7478771,92.21450927,,625.9144384,73.02017905,,639.8141341,86.12337106
616.7923971,85.33521927,,612.1923146,92.28562529,,720.5436483,77.74127107,,615.4421822,92.15966861,,626.6121981,72.8432028,,640.5078641,86.0779321
617.4877324,85.22943844,,612.8888807,92.31201866,,721.0071579,77.74127107,,616.1373244,92.1526864,,627.3104352,72.61573863,,641.3173348,86.03249314
618.1830676,85.05634254,,613.5838952,92.25308744,,722.3994803,77.60833047,,616.832347,92.13886726,,628.0077175,72.48925029,,642.0108266,85.97190786
618.8784029,84.94094527,,614.2787903,92.1875928,,724.6011507,77.60833047,,617.5273696,92.12504813,,628.9370293,72.36267243,,642.7037231,85.87345679
619.5737381,84.87363019,,614.9741629,92.14835188,,725.1816139,77.5285661,,618.2220335,92.09071823,,629.6345503,72.21094014,,643.2813551,85.80529835
620.2690734,84.79669868,,615.6695354,92.10911095,,727.0363696,77.47538986,,618.9159799,92.01536681,,630.2161758,72.04663062,,644.0908259,85.7598594
620.9644086,84.69091785,,616.3650273,92.07643345,,728.195861,77.42221362,,619.6104046,91.96736308,,630.9136968,71.89489832,,644.5537888,85.7598594
621.6597439,84.56590414,,617.0600418,92.01750224,,729.3560699,77.31586114,,620.3055468,91.96038086,,631.7273519,71.73049929,,646.1732066,85.69927412
622.3550791,84.45050687,,617.7554144,91.97826131,,730.0527693,77.20950866,,621.0000911,91.91921404,,632.4248729,71.57876699,,646.8664603,85.62354252
623.0504144,84.36395892,,618.4506676,91.93245696,,730.6307212,77.31586114,,621.6945158,91.87121031,,633.1223939,71.42703469,,647.5592377,85.51751829
623.7457496,84.27741096,,619.1460401,91.89321603,,730.9769183,77.42221362,,622.3889405,91.82320657,,633.8199149,71.2753024,,649.1784173,85.44178669
624.4410848,84.16201369,,619.8421288,91.89335568,,731.9039374,77.42221362,,623.0833652,91.77520283,,634.5171971,71.14881406,,649.8725046,85.41906722
625.1364201,84.0658493,,620.5375014,91.85411475,,733.7586932,77.36903738,,623.7781486,91.74770986,,635.4469864,70.97174829,,650.6816181,85.35090878
625.8317553,83.94083559,,621.2329933,91.82143726,,735.3802591,77.42221362,,624.4729321,91.72021688,,636.1445074,70.82001599,,651.4910888,85.30546982
626.5270906,83.82543832,,621.9283658,91.78219633,,736.0774368,77.28041031,,625.1675959,91.68588699,,636.8417896,70.69352765,,652.0697925,85.30546982
627.2224258,83.72927393,,622.623619,91.73639198,,736.7729403,77.2626849,,625.8614227,91.60369865,,637.539788,70.49130744,,652.7635225,85.26003086
627.9177611,83.65234242,,623.3197077,91.73653162,,737.6992419,77.31586114,,626.5554887,91.53518415,,638.1209362,70.37748584,,653.4572525,85.21459191
628.6130963,83.58502734,,624.0157964,91.73667127,,738.859092,77.23609678,,627.2499134,91.48718041,,638.9345913,70.2130868,,654.8454269,85.16915295
629.3084316,83.49847939,,624.711169,91.69743035,,740.0196597,77.10315617,,627.9442185,91.43233976,,639.6321123,70.0613545,,655.6544214,85.09342135
630.0037668,83.38308212,,625.4061835,91.63849913,,741.2921584,77.2626849,,628.6392411,91.41852062,,640.3295139,69.92224419,,656.3476751,85.01768976
630.6991021,83.27730129,,626.1013173,91.58613135,,742.566451,77.28927302,,629.3343833,91.41153841,,641.0269155,69.78313387,,656.8101617,84.98739712
631.3944373,83.1811369,,626.7972867,91.57970757,,744.8829225,77.36903738,,630.028808,91.36353467,,641.7238397,69.69451146,,658.8927806,84.94195816
632.0897726,83.10420539,,627.4926592,91.54046664,,745.5789043,77.31586114,,630.7234719,91.32920477,,642.42148,69.53015719,,659.4707699,84.8965192
632.7851078,83.00804099,,628.1886286,91.53404286,,747.3190383,77.16962648,,631.4184945,91.31538564,,643.119001,69.37842489,,660.2798834,84.82836077
633.4804431,82.87341085,,628.8854334,91.57356308,,747.7847004,77.01009775,,632.1131584,91.28105574,,643.816522,69.2266926,,660.9739706,84.80564129
634.1757783,82.74839714,,629.5809253,91.54088558,,748.3657017,76.89045121,,632.8079418,91.25356276,,644.514043,69.0749603,,661.4369336,84.80564129
634.8711136,82.62338343,,630.2759398,91.48195437,,749.9851151,77.10315617,,633.5027253,91.22606979,,645.2113252,68.94847196,,662.3628595,84.80564129
635.5664488,82.48875328,,630.9707156,91.4098963,,751.6056048,77.23609678,,634.1976283,91.20541373,,645.9083688,68.84722758,,663.0559941,84.72233653
636.261784,82.40220533,,631.6662075,91.3772188,,752.5340589,77.1297443,,634.8916943,91.13689924,,646.8376806,68.72064972,,663.7485334,84.60116598
636.9571193,82.31565737,,632.3616994,91.34454131,,754.3877384,77.15633242,,635.5854015,91.04787398,,647.5352016,68.56891742,,664.441668,84.51786123
637.6524545,82.2483423,,633.0576687,91.33811752,,755.0818069,77.24495948,,636.2794674,90.97935948,,648.2324838,68.44242908,,665.0198954,84.48756859
638.3477898,82.19064366,,633.7530413,91.2988766,,755.6632865,77.08986211,,636.9743705,90.95870342,,648.9297661,68.31594074,,665.830795,84.53300754
639.043125,82.10409571,,634.4484138,91.25963567,,756.2435704,77.02339181,,637.6693931,90.94488429,,649.6270484,68.1894524,,666.7560065,84.48756859
639.7384603,81.98869844,,635.143667,91.21383132,,756.8222398,77.07656805,,638.3639374,90.90371747,,650.3240919,68.08820802,,667.4504509,84.48756859
640.4337955,81.86368473,,635.8388009,91.16146353,,757.631229,77.23609678,,639.0584817,90.86255066,,651.0213742,67.96171968,,668.1448954,84.48756859
641.1291308,81.77713678,,636.5340541,91.11565918,,759.3665198,77.44880174,,639.753026,90.82138384,,651.7184177,67.8604753,,669.0708213,84.48756859
641.824466,81.70982171,,637.229546,91.08298168,,759.9437542,77.60833047,,640.4474507,90.7733801,,652.2994465,67.75927568,,669.6488106,84.44212963
642.5198013,81.60404088,,637.9244411,91.01748704,,760.5245762,77.50197798,,641.1417558,90.71853944,,653.1125048,67.65798654,,670.4582813,84.39669067
643.2151365,81.50787648,,638.6200524,90.99137297,,760.9909558,77.28927302,,641.8372567,90.73206799,,653.8095484,67.55674215,,671.4992335,84.35125171
643.9104718,81.41171209,,639.3161411,90.99151262,,761.5707015,77.2626849,,642.5316814,90.68406425,,654.5068307,67.43025381,,672.3079898,84.2603738
644.605807,81.3155477,,640.0122298,90.99165227,,762.4970031,77.31586114,,643.2249103,90.56769131,,655.2038742,67.32900943,,673.1167461,84.16949588
645.3011423,81.18091755,,640.7071249,90.92615762,,763.8875317,77.31586114,,643.9187371,90.48550298,,655.9012758,67.18989911,,673.8104761,84.12405693
645.9964775,81.08475316,,641.4022588,90.87378984,,766.8999851,77.34244926,,644.6136401,90.46484692,,656.5986774,67.0507888,,674.6199468,84.07861797
646.6918128,81.02705453,,642.0983475,90.87392949,,767.4777576,77.4620958,,645.3087823,90.4578647,,657.5283473,66.886345,,676.0081213,84.03317901
647.387148,80.92127369,,642.7939587,90.84781542,,767.8237754,77.58174235,,646.0038049,90.44404557,,658.2252715,66.7977226,,676.817592,83.98774005
648.0824833,80.8251093,,643.4892119,90.80201106,,768.9825493,77.58174235,,646.6990667,90.44390027,,658.9220764,66.72172217,,677.511322,83.9423011
648.7778185,80.76741067,,644.1842264,90.74307985,,769.6785311,77.5285661,,647.3938502,90.4164073,,659.6193586,66.59523383,,678.5522742,83.89686214
649.4731537,80.71932847,,644.8797183,90.71040235,,770.4907491,77.44880174,,648.0885141,90.3820774,,660.3162828,66.50661143,,679.2467187,83.89686214
650.168489,80.62316408,,645.5752102,90.67772486,,771.1874484,77.34244926,,648.7823408,90.29988906,,661.013207,66.41798903,,679.9408059,83.87414266
650.8638242,80.52699969,,646.2709409,90.65817422,,771.7679116,77.2626849,,649.4764068,90.23137457,,661.7098925,66.35461058,,680.6337023,83.77569159
651.5591595,80.45006818,,646.9666715,90.63862358,,773.5042787,77.3956255,,650.1708315,90.18337083,,662.6394431,66.20278877,,681.3286231,83.80598422
652.2544947,80.39236954,,647.6626408,90.6321998,,775.2413633,77.47538986,,650.8654954,90.14904093,,663.3368447,66.06367845,,682.2552635,83.85142318
652.94983,80.31543803,,648.3580134,90.59295887,,775.9359101,77.5285661,,651.5598005,90.09420028,,664.0343657,65.91194615,,682.9499461,83.8665695
653.6451652,80.22889007,,649.0535053,90.56028137,,777.4426749,77.50197798,,652.2541056,90.03935962,,664.7312898,65.82332375,,683.8768246,83.92715478
654.3405005,80.15195856,,649.749594,90.56042102,,778.0231381,77.42221362,,652.948889,90.01186664,,665.4277366,65.78518926,,684.6854618,83.8287037
655.0358357,80.06541061,,650.4450859,90.52774352,,778.950516,77.3956255,,653.6439117,89.99804751,,666.3570484,65.6586114,,685.4942181,83.73782579
655.731171,79.95001334,,651.1404585,90.4885026,,779.6439865,77.5285661,,654.3389343,89.98422837,,667.0543307,65.53212306,,686.1886625,83.73782579
656.4265062,79.87308183,,651.8353536,90.42300796,,780.5681356,77.74127107,,655.0343157,89.99092,,667.634882,65.48141135,,686.8834642,83.76054527
657.1218415,79.81538319,,652.5308455,90.39033046,,781.3796361,77.71468295,,655.72886,89.94975318,,668.4477017,65.40536617,,687.5764797,83.66966735
657.8171767,79.76730099,,653.2264568,90.36421639,,783.3499105,77.68809483,,656.4226867,89.86756484,,669.1448646,65.29149981,,688.5024057,83.66966735
658.512512,79.69036948,,653.9230229,90.39060975,,784.1603347,77.74127107,,657.1166331,89.79221343,,669.7260127,65.17767821,,689.1968501,83.66966735
659.2078472,79.61343797,,654.6193503,90.40387626,,784.9725526,77.66150671,,657.8118949,89.79206813,,670.5388323,65.10163302,,690.1220616,83.6242284
659.9031825,79.50765714,,655.3148422,90.37119876,,785.900648,77.58174235,,658.5073958,89.80559668,,671.234921,65.10136447,,690.5850246,83.6242284
660.5985177,79.40187631,,656.0097374,90.30570412,,787.2883067,77.79444731,,659.2024185,89.79177754,,671.9312484,65.07585196,,692.436162,83.57878944
661.293853,79.37302699,,656.705468,90.28615348,,787.7503812,77.90079979,,659.8968432,89.7437738,,672.628292,64.97460758,,693.1302492,83.55606996
661.9891882,79.36341055,,657.4008405,90.24691256,,788.9091551,77.90079979,,660.591507,89.70944391,,673.325813,64.82287528,,693.8239792,83.510631
662.6845234,79.31532835,,658.0965712,90.22736192,,790.1848826,77.82103543,,661.2866492,89.70246169,,674.0230952,64.69638694,,694.2865849,83.48791152
663.3798587,79.19993108,,658.7918244,90.18155756,,790.6458809,78.00715228,,661.9821502,89.71599024,,674.7201388,64.59514256,,695.2117964,83.44247257
664.0751939,79.08453381,,659.4870776,90.13575321,,791.2241916,78.08691664,,662.6770532,89.69533418,,675.4167049,64.54438609,,695.7905001,83.44247257
664.7705292,79.0076023,,660.1823308,90.08994885,,791.8064485,77.87421167,,663.3713584,89.64049353,,676.113271,64.49362963,,696.5999708,83.39703361
665.4658644,78.9595201,,660.8777033,90.05070793,,792.2704962,77.83432949,,664.0655439,89.57881595,,676.8103146,64.39238524,,697.2944153,83.39703361
666.1611997,78.88258859,,661.5741501,90.07053786,,792.7313151,78.0337404,,664.7602078,89.54448605,,677.391224,64.3038076,,697.9888597,83.39703361
666.8565349,78.79604064,,662.2705968,90.09036779,,794.0045314,78.14009288,,665.4557087,89.5580146,,678.2047597,64.15203054,,698.683066,83.38188729
667.5518702,78.74795844,,662.9666855,90.09050744,,794.4691172,78.06032852,,666.1512097,89.57154314,,678.9016839,64.06340814,,699.3756053,83.26071674
668.2472054,78.69987625,,663.6627742,90.09064709,,795.2799002,78.08691664,,666.845156,89.49619173,,679.5980113,64.03789563,,700.0693353,83.21527778
668.9425407,78.63256117,,664.3582662,90.05796959,,795.7414366,78.2331513,,667.5394612,89.44135107,,680.2944581,63.99976114,,700.9963329,83.28343621
669.6378759,78.5652461,,665.0542355,90.05154581,,796.3199266,78.2996216,,668.2340054,89.40018425,,680.9912629,63.92376072,,701.691849,83.35159465
670.3332112,78.48831459,,665.749608,90.01230488,,796.9007486,78.19326912,,668.9279518,89.32483284,,681.9206941,63.78456088,,702.3853408,83.29100937
671.0285464,78.43061595,,666.4453387,89.99275424,,797.7118903,78.19326912,,669.6218982,89.24948142,,682.6176183,63.69593848,,703.0778801,83.16983882
671.7238817,78.37291732,,667.1407112,89.95351332,,798.7544281,78.21985724,,670.3166816,89.22198844,,683.1980503,63.65784875,,703.7711338,83.09410722
672.4192169,78.30560224,,667.8364419,89.93396268,,799.3330975,78.27303348,,671.0125413,89.25602775,,684.3581981,63.65740116,,704.4653401,83.07896091
673.1145522,78.21905429,,668.5318144,89.89472175,,,,,671.707564,89.24220861,,685.1713758,63.54349004,,705.1601417,83.10168038
673.8098874,78.10365702,,669.227545,89.87517111,,,,,672.4018691,89.18736796,,685.8685387,63.42962368,,706.0871393,83.16983882
674.5052226,78.01710907,,669.9232757,89.85562047,,,,,673.095935,89.11885346,,686.7973731,63.35353374,,706.7815838,83.16983882
675.2005579,77.98825975,,670.6193644,89.85576012,,,,,673.7911968,89.11870816,,687.4944167,63.25228935,,707.4770999,83.23799726
675.8958931,77.96902687,,671.3159305,89.88215348,,,,,674.4859803,89.09121519,,688.1909828,63.20153289,,708.1715443,83.23799726
676.5912284,77.91132823,,672.0122579,89.89541999,,,,,675.1805246,89.05004837,,688.8870715,63.20126433,,709.0960414,83.14711934
677.2865636,77.84401316,,672.7073917,89.84305221,,,,,675.8757864,89.04990308,,689.5835183,63.16312984,,709.9051549,83.07896091
677.9818989,77.73823233,,673.4015707,89.73817699,,,,,676.5712873,89.06343162,,690.1639503,63.12504011,,710.7146256,83.03352195
678.6772341,77.62283506,,674.0963465,89.66611892,,,,,677.2659512,89.02910173,,691.2090382,63.02366146,,711.1775886,83.03352195
679.3725694,77.57475286,,674.7923158,89.65969514,,,,,677.9596584,88.94007647,,691.6735747,62.97299451,,712.1042289,83.07896091
680.0679046,77.53628711,,675.4884045,89.65983479,,,,,678.6542027,88.89890965,,692.6024091,62.89690456,,712.7989115,83.09410722
680.7632399,77.47858847,,676.1844932,89.65997443,,,,,679.3494645,88.89876436,,693.2984978,62.89663601,,713.2623508,83.12439986
681.4585751,77.43050628,,676.8799851,89.62729694,,,,,680.0447262,88.89861906,,693.9950639,62.84587954,,713.9567952,83.12439986
682.1539104,77.38242408,,677.5761932,89.63400001,,,,,680.7395097,88.87112609,,694.6917494,62.7825011,,714.7651943,83.01080247
682.8492456,77.33434188,,678.2721625,89.62757623,,,,,681.434054,88.82995927,,695.2721814,62.74441137,,715.3428263,82.94264403
683.5445809,77.34395832,,678.9678932,89.60802559,,,,,682.1287179,88.79562937,,696.085001,62.66836618,,716.1522971,82.89720508
684.2399161,77.29587613,,679.6632657,89.56878467,,,,,682.8239796,88.79548408,,696.7818059,62.59236576,,717.1946782,82.94264403
684.9352514,77.22856105,,680.3585189,89.52298031,,,,,683.5197198,88.82268646,,697.245865,62.59218672,,718.3544671,83.09410722
685.6305866,77.16124598,,681.0538915,89.48373939,,,,,684.2154599,88.84988885,,698.406729,62.51600726,,719.0493878,83.12439986
686.3259219,77.15162954,,681.7502189,89.49700589,,,,,684.9107217,88.84974356,,699.1031757,62.47787277,,719.7438323,83.12439986
687.0212571,77.09393091,,682.4464269,89.50370897,,,,,685.6046681,88.77439214,,699.7998612,62.41449433,,720.2067952,83.12439986
687.7165923,76.99776651,,683.1425156,89.50384861,,,,,686.2992123,88.73322532,,700.4964273,62.36373786,,721.132483,83.10925354
688.4119276,76.94006788,,683.8386043,89.50398826,,,,,686.9944741,88.73308003,,701.1928741,62.32560337,,721.8251413,82.99565615
689.1072628,76.920835,,684.5338575,89.45818391,,,,,687.6893772,88.71242397,,701.7733061,62.28751364,,722.5176806,82.8744856
689.8025981,76.91121856,,685.2286333,89.38612584,,,,,688.384041,88.67809408,,702.5861257,62.21146846,,723.0965629,82.88584534
690.4979333,76.86313637,,685.9234091,89.31406777,,,,,689.0789441,88.65743802,,703.0501848,62.21128942,,723.6769932,82.99565615
691.1932686,76.7477391,,686.6215268,89.4257857,,,,,689.7740863,88.6504558,,703.9790192,62.13519948,,724.3731047,83.10168038
691.8886038,76.6996569,,687.318451,89.47186935,,,,,690.4689893,88.62979975,,704.6751079,62.13493093,,725.0675491,83.10168038
692.5839391,76.75735553,,688.0138236,89.43262843,,,,,691.1631749,88.56812217,,705.3711966,62.13466238,,725.6451812,83.03352195
693.2792743,76.77658841,,688.7097929,89.42620465,,,,,691.8570016,88.48593383,,706.0672853,62.13439382,,726.4553663,83.03352195
693.9746096,76.77658841,,689.4057623,89.41978087,,,,,692.5525026,88.49946238,,706.7636127,62.10888131,,727.1498108,83.03352195
694.6699448,76.71888978,,690.1014929,89.40023023,,,,,693.2484819,88.54033861,,707.4604176,62.03288089,,728.0743078,82.94264403
695.3652801,76.63234183,,690.798059,89.42662359,,,,,693.9429066,88.49233487,,708.0409689,61.98216918,,728.7673234,82.85176612
696.0606153,76.53617743,,691.4923574,89.3283118,,,,,694.6381684,88.49218958,,708.9698033,61.90607924,,729.6920585,82.77603452
696.7559506,76.44962948,,692.1874912,89.27594402,,,,,695.3336693,88.50571812,,709.7828617,61.8047901,,730.2724888,82.88584534
697.4512858,76.41116372,,692.8847735,89.34171796,,,,,696.028692,88.49189899,,710.4794278,61.75403363,,730.7372379,82.99944273
698.1466211,76.40154729,,693.5814589,89.37467475,,,,,696.7232363,88.45073217,,711.1755165,61.75376508,,731.3171919,83.07896091
698.8419563,76.39193085,,694.2768315,89.33543382,,,,,697.4180197,88.42323919,,711.7555904,61.75354128,,732.2424034,83.03352195
699.5372916,76.30538289,,694.9716073,89.26337575,,,,,698.1131619,88.41625698,,712.5669777,61.82895984,,732.9351808,82.92749771
700.2326268,76.24768426,,695.6667411,89.21100797,,,,,698.8079454,88.388764,,713.2630664,61.82869129,,733.6291489,82.89720508
700.927962,76.22845138,,696.3624717,89.19145733,,,,,699.5022505,88.33392335,,713.9595132,61.7905568,,734.2094601,82.99944273
701.6232973,76.21883494,,697.0584411,89.18503355,,,,,700.1961968,88.25857193,,714.6564374,61.7019344,,734.7898904,83.10925354
702.3186325,76.11305411,,697.7538136,89.14579262,,,,,700.8909803,88.23107895,,715.3534809,61.60069002,,735.4838586,83.07896091
703.0139678,76.0361226,,698.4496636,89.13280541,,,,,701.5858833,88.2104229,,716.2823153,61.52460007,,736.4101417,83.10168038
703.709303,76.00727328,,699.1462297,89.15919877,,,,,702.2801885,88.15558224,,716.978404,61.52433152,,737.1049434,83.12439986
704.4046383,75.9880404,,699.8432733,89.21184585,,,,,702.9747327,88.11441542,,717.6744927,61.52406297,,737.7993878,83.12439986
705.0999735,75.93995821,,700.5397201,89.23167579,,,,,703.6709512,88.16896549,,718.3705814,61.52379441,,738.4935941,83.10925354
705.7953088,75.88225957,,701.2353313,89.20556172,,,,,704.367648,88.25086324,,719.0666701,61.52352586,,739.0709285,83.02216221
706.490644,75.94957464,,701.9308232,89.17288422,,,,,705.0630294,88.25755486,,719.7627588,61.52325731,,739.4169004,82.94264403
707.1859793,75.9880404,,702.625599,89.10082615,,,,,705.7578128,88.23006189,,720.4588475,61.52298876,,740.2274428,82.96536351
707.8813145,75.95919108,,703.3207329,89.04845837,,,,,706.4524767,88.19573199,,721.0389214,61.52276496,,741.2711338,83.09410722
708.5766498,75.88225957,,704.0165828,89.03547116,,,,,707.1471406,88.1614021,,721.8517411,61.44671978,,741.9665308,83.1546925
709.271985,75.77647874,,704.7120748,89.00279366,,,,,707.8438374,88.24329985,,722.5478297,61.44645123,,742.7773114,83.1925583
709.9673203,75.73801298,,705.408999,89.04887731,,,,,708.5386208,88.21580687,,723.2439184,61.44618267,,743.2384882,83.07896091
710.6626555,75.73801298,,706.1064006,89.12121467,,,,,709.2317301,88.09259701,,723.9400071,61.44591412,,743.815763,82.98808299
711.3579908,75.73801298,,706.8039216,89.20011547,,,,,709.9251981,87.98989791,,724.6365733,61.39515765,,744.278726,82.98808299
712.053326,75.70916367,,707.5007264,89.23963569,,,,,710.6192641,87.92138341,,725.2168859,61.3696899,,745.4361334,82.98808299
712.7486613,75.66108147,,708.1962183,89.20695819,,,,,711.3144063,87.9144012,,726.0282732,61.44510846,,746.130935,83.01080247
713.4439965,75.65146503,,708.8902779,89.09551955,,,,,712.0106248,87.96895127,,727.6524802,61.44448184,,746.8257367,83.03352195
714.1393317,75.5937664,,709.5849343,89.01689805,,,,,712.7067236,88.01666441,,728.3485689,61.44421329,,747.5201812,83.03352195
714.834667,75.50721844,,710.2799488,88.95796683,,,,,713.4022246,88.03019296,,729.0448963,61.41870078,,748.2146256,83.03352195
715.5300022,75.37258829,,710.9747246,88.88590876,,,,,714.0972472,88.01637382,,729.7414624,61.36794431,,748.9084747,82.99565615
716.2253375,75.34373898,,711.6724843,88.97793642,,,,,714.7917915,87.97520701,,730.4375511,61.36767576,,749.6014902,82.90477824
716.9206727,75.39182117,,712.3690504,89.00432978,,,,,715.4854987,87.88618175,,731.1338785,61.34216325,,750.0661202,83.01080247
717.616008,75.45913625,,713.0637068,88.92570828,,,,,716.1790863,87.79031957,,731.8315189,61.17780897,,750.415843,83.16983882
718.3113432,75.47836913,,713.7597955,88.92584793,,,,,716.8743481,87.79017427,,732.5266527,61.27851625,,750.9959756,83.26071674
719.0066785,75.44951981,,714.4575552,89.01787558,,,,,717.5702078,87.82421358,,733.2219059,61.36660155,,751.9208299,83.1925583
719.7020137,75.46875269,,715.1547181,89.07708609,,,,,718.2664263,87.87876365,,734.0347255,61.29055636,,752.6149171,83.16983882
720.397349,75.57453352,,715.849852,89.0247183,,,,,718.9631231,87.9606614,,734.8461129,61.36597492,,753.5415575,83.21527778
721.0926842,75.55530064,,716.5436729,88.9001528,,,,,719.6591024,88.00153763,,735.5417241,61.41619428,,754.4660545,83.12439986
721.7880195,75.42067049,,717.2382099,88.81496787,,,,,720.3552012,88.04925077,,736.2375741,61.44116969,,755.1583556,82.98808299
722.4833547,75.34373898,,717.9334631,88.76916352,,,,,721.0514197,88.10380084,,736.9339015,61.41565718,,756.3165965,83.04109511
723.17869,75.40143761,,718.6303873,88.81524717,,,,,721.7464423,88.08998171,,737.6304676,61.36490071,,756.8966101,83.12439986
723.8740252,75.47836913,,719.3286245,88.93352854,,,,,722.4402691,88.00779337,,738.3263176,61.38987612,,757.7067952,83.12439986
724.5693605,75.43990337,,720.027339,89.07806362,,,,,723.1339763,87.91876811,,739.0221676,61.41485152,,758.2876423,83.26071674
725.2646957,75.30527322,,720.7240245,89.11102041,,,,,723.8307927,88.00750278,,739.7199273,61.23787527,,758.7520342,83.35159465
725.9600309,75.23795815,,721.3024274,89.01924878,,,,,724.5264132,88.02786824,,740.8803138,61.21218372,,759.5611477,83.28343621
726.6553662,75.33412254,,721.7641591,88.89135501,,,,,725.2204792,87.95935375,,741.6917012,61.28760228,,760.2540441,83.18498514
727.3507014,75.33412254,,722.342741,88.80942853,,,,,725.9150235,87.91818693,,742.5026111,61.41350876,,760.8328669,83.1925583
728.0460367,75.2764239,,722.9234117,88.84236204,,,,,726.6114811,87.98641084,,743.4307294,61.41315069,,761.297616,83.30615569
728.7413719,75.18987595,,723.4280522,88.94747776,,,,,727.3084171,88.08198243,,743.8952659,61.36248374,,761.8777486,83.39703361
729.4367072,75.20910883,,723.971961,89.08541838,,,,,728.0037984,88.08867405,,745.0554137,61.36203615,,762.8027219,83.33644833
730.1320424,75.24757459,,724.6668561,89.01992374,,,,,728.4653332,87.97576801,,745.7515024,61.3617676,,763.7276953,83.27586305
730.8273777,75.2764239,,725.3616319,88.94786567,,,,,728.9254329,87.78081891,,746.4475911,61.36149904,,764.3072325,83.32887517
731.5227129,75.23795815,,726.0584367,88.98738589,,,,,729.618303,87.64393521,,747.1436798,61.36123049,,765.0027486,83.39703361
732.2180482,75.23795815,,726.7551222,89.02034268,,,,,730.3138039,87.65746376,,747.8397685,61.36096194,,766.0433436,83.32887517
732.9133834,75.21872527,,727.4503754,88.97453833,,,,,731.0112182,87.78038303,,748.5358572,61.36069338,,767.084653,83.30615569
733.6087187,75.14179375,,728.144435,88.86309969,,,,,731.7067192,87.79391158,,749.2319459,61.36042483,,767.8962671,83.39703361
734.3040539,75.18987595,,728.8388527,88.77135133,,,,,732.4026985,87.8347878,,750.0433333,61.43584339,,768.476757,83.510631
734.9993892,75.21872527,,729.5343446,88.73867383,,,,,733.0992757,87.90984863,,750.8561529,61.35979821,,769.288371,83.60150892
735.6947244,75.21872527,,730.1154331,88.79457935,,,,,733.7932221,87.83449721,,751.4362268,61.35957442,,769.9828155,83.60150892
736.3900597,75.23795815,,730.349253,88.89307733,,,,,734.4877664,87.7933304,,752.2476141,61.43499298,,770.5599117,83.49927126
737.0853949,75.21872527,,730.6222816,89.0211185,,,,,735.1841044,87.85471739,,752.9429867,61.5104563,,771.0205527,83.35159465
737.7807302,75.17064307,,731.1647582,89.08029798,,,,,735.8792466,87.84773517,,753.6390754,61.51018774,,771.596994,83.20770462
738.4760654,75.14179375,,731.5106541,88.96222608,,,,,736.4986921,87.92964906,,754.3349254,61.53516315,,772.1776029,83.32887517
739.1714006,75.08409512,,731.8563113,88.83102733,,,,,737.041843,88.06627446,,755.0307754,61.56013855,,772.758569,83.4727652
739.8667359,75.04562936,,732.0871473,88.76543959,,,,,737.7360285,88.00459689,,755.7282963,61.40840625,,773.5682779,83.44247257
740.5620711,75.07447868,,732.7839521,88.80495981,,,,,738.4298553,87.92240855,,756.4246237,61.38289374,,774.3796538,83.51820416
741.2574064,75.0552458,,733.4795634,88.77884574,,,,,739.1240408,87.86073097,,757.0035041,61.50888974,,774.957524,83.46519204
741.9527416,75.12256088,,734.1751747,88.75273167,,,,,739.5864724,87.79910182,,758.2787118,61.60937322,,775.5346202,83.36295439
742.6480769,75.24757459,,734.8731731,88.85788618,,,,,739.8161934,87.68282575,,758.9738457,61.7100805,,776.1143956,83.43111283
743.3434121,75.13217732,,735.5697392,88.88427954,,,,,740.5099006,87.59380049,,759.6686215,61.84865371,,776.6951831,83.56364312
744.0387474,75.103328,,736.2663053,88.91067291,,,,,741.2056407,87.62100287,,760.2486954,61.84842992,,777.3891512,83.53335048
744.7340826,75.16102663,,736.9633489,88.96331999,,,,,741.9029355,87.73708522,,760.8298435,61.73460831,,777.965533,83.38567387
745.4294179,75.11294444,,737.6587214,88.92407906,,,,,742.368835,87.87372677,,761.7579618,61.73425024,,778.4259953,83.22663752
746.1247531,75.07447868,,738.2387953,88.92419543,,,,,742.6026219,87.98990598,,762.4540505,61.73398169,,779.1211542,83.27207647
746.8200884,75.04562936,,738.820779,89.02932667,,,,,743.0675647,88.07185216,,762.9181096,61.73380266,,779.5864392,83.41975309
747.5154236,74.91099921,,739.4001964,88.99334418,,,,,743.5290397,87.95552765,,763.846944,61.65771271,,780.0513669,83.54471022
748.2107589,74.89176634,,739.8624652,88.89498585,,,,,743.5273655,87.85981077,,764.5430327,61.65744416,,780.5159373,83.64694787
748.9060941,74.94946497,,740.4410471,88.81305936,,,,,743.9880033,87.69562782,,765.2378085,61.79601737,,781.3248127,83.56364312
749.6014294,75.01678005,,741.1371358,88.81319901,,,,,744.6830259,87.68180868,,765.9321665,61.97876751,,782.0180664,83.48791152
750.2967646,75.103328,,741.8347762,88.89866323,,,,,745.3803207,87.79789103,,766.6280761,61.99743193,,782.8295019,83.5674297
750.9920999,75.14179375,,742.5330133,89.0169446,,,,,746.0768979,87.87295186,,767.3241648,61.99716337,,783.4107657,83.73025263
751.6874351,75.08409512,,743.2302956,89.08271853,,,,,746.7714422,87.83178505,,768.0198955,62.03476076,,784.104972,83.71510631
752.3827703,75.06486224,,743.9260262,89.06316789,,,,,747.4652689,87.74959671,,768.7159842,62.0344922,,784.6813537,83.5674297
753.0781056,75.02639648,,744.6215181,89.0304904,,,,,748.1588566,87.65373453,,769.2960581,62.03426841,,785.1421733,83.43111283
753.7734408,75.01678005,,745.3165326,88.97155918,,,,,748.8524442,87.55787235,,770.1074454,62.10968697,,785.7202221,83.38946045
754.4687761,75.103328,,746.0110696,88.88637426,,,,,749.547706,87.55772706,,770.8040115,62.0589305,,786.2633225,83.57878944
755.1641113,75.0552458,,746.7057261,88.80775276,,,,,750.1282268,87.62255672,,771.5012938,61.93244216,,786.7684379,83.80598422
755.8594466,75.02639648,,747.4007405,88.74882154,,,,,750.7095848,87.73524483,,772.4296508,61.90684014,,787.1955593,83.9801669
756.5547818,75.18987595,,748.0969486,88.75552462,,,,,751.4071187,87.86500102,,773.0088892,61.99497019,,787.8149866,84.11648377
757.2501171,75.2764239,,748.7947083,88.84755227,,,,,752.1028588,87.8922034,,773.8195604,62.14612063,,788.3918447,83.99909979
757.9454523,75.2764239,,749.4915131,88.88707249,,,,,752.7964464,87.79634122,,774.515291,62.18371801,,788.8517712,83.80598422
758.6407876,75.21872527,,750.1880792,88.91346586,,,,,753.4893165,87.65945752,,775.2116184,62.1582055,,789.0802163,83.61286866
759.3361228,75.21872527,,750.8860777,89.01862037,,,,,754.1838309,87.61658148,,775.9081846,62.10744903,,789.4247594,83.44247257
760.0314581,75.24757459,,751.5818083,88.99906973,,,,,754.64988,87.76176917,,776.6037958,62.15766839,,790.0056064,83.57878944
760.7267933,75.29565678,,752.2767034,88.93357508,,,,,754.8840256,87.89845915,,777.2992877,62.22050973,,789.8873651,83.41975309
761.4221286,75.30527322,,752.9714792,88.86151701,,,,,755.5791678,87.89147693,,777.9952571,62.23286316,,790.2395885,83.73782579
762.1174638,75.30527322,,753.666613,88.80914923,,,,,756.2726358,87.78877783,,778.6927781,62.08113086,,790.514056,84.01803269
762.8127991,75.24757459,,754.2475821,88.85849132,,,,,756.9684955,87.82281714,,779.3879119,62.18183814,,790.3571153,83.85142318
763.5081343,75.17064307,,754.8303416,89.00628484,,,,,757.662681,87.76113956,,780.0819715,62.39614322,,790.9397485,84.10133745
764.2034695,75.24757459,,755.4095203,88.9571755,,,,,758.3582717,87.7797958,,780.7779409,62.40849665,,791.5158325,83.93472794
764.8988048,75.31488966,,755.9871474,88.82274158,,,,,758.8242908,87.92327426,,781.4737909,62.43347206,,791.9792718,83.96502058
765.59414,75.22834171,,756.5680568,88.86880195,,,,,759.5206588,87.98637048,,782.1694021,62.48369142,,792.328816,84.11269719
766.2894753,75.22834171,,757.1498017,88.96080633,,,,,760.214366,87.89734522,,782.8651327,62.5212888,,792.7932079,84.2035751
766.9848105,75.25719102,,757.8456517,88.94781912,,,,,760.9074752,87.77413536,,783.5601472,62.63461806,,793.2534916,84.03317901
767.6801458,75.3245061,,758.5431727,89.02671992,,,,,761.6035741,87.82184851,,784.139505,62.71012613,,793.8310046,83.95744742
768.375481,75.46875269,,759.1250369,89.12528772,,,,,762.299673,87.86956165,,784.9523246,62.63408095,,794.5281878,84.13163009
769.0708163,75.50721844,,759.7070206,89.23041896,,,,,762.993141,87.76686256,,785.6484133,62.6338124,,795.2228703,84.14677641
769.7661515,75.46875269,,760.286259,89.18459133,,,,,763.6879245,87.73936958,,786.1124725,62.63363336,,796.3799205,84.12405693
770.4614868,75.37258829,,760.5546924,89.05994049,,,,,764.3846213,87.82126733,,787.2716654,62.7341616,,797.0757939,84.21493484
771.0409328,75.24757459,,761.0937075,88.92878052,,,,,764.6185277,87.94428346,,787.7352471,62.78447048,,797.7705955,84.23765432
771.3886004,75.09371156,,761.7896769,88.92235674,,,,,765.3148658,88.00567045,,788.6638428,62.7336245,,798.0764988,84.06347165
772.0839357,75.13217732,,762.4893761,89.12104011,,,,,765.7763407,87.88934594,,789.3611251,62.60713616,,798.4594435,83.88171582
772.5474925,75.33412254,,762.2549296,88.98808413,,,,,766.4717221,87.89603757,,790.0572138,62.60686761,,799.039457,83.96502058
773.2428278,75.497602,,762.9560313,89.26388779,,,,,767.1687776,87.99844608,,790.6343635,62.91588229,,799.1569839,84.07861797
773.938163,75.55530064,,763.535389,89.22462359,,,,,767.8647569,88.03932231,,791.2130648,63.06081125,,799.5083142,84.33989198
774.6334983,75.48798556,,763.8814043,89.11311512,,,,,768.5612145,88.10754621,,791.7952274,62.83970283,,799.3902515,84.19221536
775.3288335,75.44951981,,764.5788059,89.18545249,,,,,769.2564763,88.10740092,,792.4913161,62.83943428,,,
776.0241688,75.44951981,,765.2753721,89.21184585,,,,,769.7178317,87.98423949,,793.0694206,63.04747313,,,
776.719504,75.45913625,,765.9689543,89.07415349,,,,,770.4126151,87.95674651,,793.7651513,63.08507051,,,
777.4148392,75.52645132,,766.6652817,89.08742,,,,,771.1085944,87.99762274,,794.4598077,63.23626571,,,
778.1101745,75.42067049,,767.3622059,89.13350365,,,,,771.4542522,87.88474091,,795.1544641,63.3874609,,,
778.8055097,75.33412254,,768.0591301,89.1795873,,,,,771.7992821,87.73596525,,795.851627,63.27359454,,,
779.3849558,75.43509515,,768.7571285,89.28474181,,,,,772.4949924,87.7614584,,796.5471189,63.33643588,,,
779.9644018,75.56491708,,769.4546494,89.3636426,,,,,772.9610713,87.90835533,,797.2422528,63.43714315,,,
780.6597371,75.61299927,,770.1510962,89.38347253,,,,,773.6560939,87.89453619,,797.939535,63.31065481,,,
781.3550723,75.62261571,,770.7293798,89.28513747,,,,,774.351834,87.92173858,,798.6349076,63.38611813,,,
782.0504076,75.64184859,,771.1912905,89.16708885,,,,,774.8174944,88.04470628,,799.329564,63.53731333,,,
782.7457428,75.67069791,,771.6532012,89.04904023,,,,,775.5119191,87.99670254,,799.9096379,63.53708953,,,
783.4410781,75.73801298,,772.2323203,88.99664917,,,,,775.5104841,87.9146595,,,,,,
784.1364133,75.8149445,,772.9306767,89.12149397,,,,,775.9718394,87.79149807,,,,,,
784.7158593,75.78128696,,773.6283171,89.20695819,,,,,776.6667425,87.77084201,,,,,,
785.1794162,75.62261571,,774.3255993,89.27273213,,,,,777.3632001,87.83906592,,,,,,
785.2953054,75.47836913,,775.0221655,89.29912549,,,,,778.0597773,87.91412675,,,,,,
785.9906406,75.44951981,,775.5998522,89.16797329,,,,,778.7539629,87.85244917,,,,,,
786.4541975,75.61299927,,776.1778971,89.05651137,,,,,779.4504803,87.92409154,,,,,,
787.1495327,75.7187801,,776.8752987,89.12884873,,,,,779.9166788,88.07782539,,,,,,
787.844868,75.79571162,,777.572939,89.21431296,,,,,780.6108643,88.01614781,,,,,,
788.5402032,75.94957464,,778.268789,89.20132575,,,,,781.3049303,87.94763331,,,,,,
789.2355385,75.93995821,,778.7303417,89.06358684,,,,,782.0017466,88.03636798,,,,,,
789.9308737,75.9880404,,779.4271465,89.10310706,,,,,782.6960518,87.98152732,,,,,,
790.1626521,76.18036918,,779.545071,89.20814519,,,,,783.3905961,87.94036051,,,,,,
790.3944305,76.39193085,,780.1274127,89.33296672,,,,,784.0870537,88.00858442,,,,,,
790.9352468,76.37269797,,780.8240982,89.36592351,,,,,784.7839897,88.10415601,,,,,,
791.205655,76.19960206,,781.5213804,89.43169745,,,,,785.4787731,88.07666303,,,,,,
791.4374334,75.99765684,,782.2178272,89.45152738,,,,,786.1728391,88.00814853,,,,,,
791.5533226,75.83417737,,782.9116481,89.32696188,,,,,786.8690575,88.0626986,,,,,,
792.2023022,75.92264862,,783.5512512,89.41077361,,,,,787.5632431,88.00102102,,,,,,
792.7122147,76.16113631,,783.8439439,89.55686809,,,,,788.2568307,87.90515884,,,,,,
793.4075499,76.14190343,,784.423421,89.52416731,,,,,788.9534079,87.98021967,,,,,,
794.1028852,76.11305411,,784.6529441,89.38638186,,,,,789.6474738,87.91170517,,,,,,
794.7982204,76.08420479,,784.99884,89.26830996,,,,,790.2666802,87.97994523,,,,,,
795.4935557,76.00727328,,785.6926609,89.14374446,,,,,790.5786152,88.1473852,,,,,,
796.1888909,76.06497191,,786.388869,89.15044753,,,,,790.6971828,88.30119169,,,,,,
796.8842262,76.19960206,,786.9703752,89.22932505,,,,,791.0484012,88.50622665,,,,,,
797.5795614,76.27653358,,787.4753737,89.35413106,,,,,791.5126266,88.54715131,,,,,,
798.2748967,76.36308153,,787.9029693,89.47563983,,,,,791.6261717,88.41380715,,,,,,
798.9702319,76.44962948,,788.4845352,89.55779907,,,,,791.9711119,88.25990379,,,,,,
799.549678,76.53136921,,789.0636542,89.50540801,,,,,792.6663737,88.2597585,,,,,,
,,,789.4862966,89.35453449,,,,,793.3621138,88.28696089,,,,,,
,,,789.8699092,89.18396292,,,,,793.360918,88.21859168,,,,,,
,,,790.4902064,89.26941162,,,,,793.8220342,88.08175641,,,,,,
,,,790.3333716,89.15123887,,,,,794.1303219,88.04067032,,,,,,
,,,790.7254586,89.44667075,,,,,794.7518003,88.23881186,,,,,,
,,,791.0376959,89.60425511,,,,,794.5171764,88.0747742,,,,,,
,,,791.5010389,89.56496764,,,,,795.2173411,88.35494264,,,,,,
,,,791.5755175,89.40746086,,,,,795.7952311,88.26936005,,,,,,
,,,791.9594584,89.25493872,,,,,796.3733603,88.19745131,,,,,,
,,,792.6593068,89.46182638,,,,,797.0689809,88.21781678,,,,,,
,,,792.4241442,89.28948982,,,,,797.6505182,88.34076027,,,,,,
,,,792.7779176,89.60460423,,,,,798.2310989,88.40900839,,,,,,
,,,793.1288265,89.76219635,,,,,798.9248061,88.31998313,,,,,,
,,,793.6685579,89.67041696,,,,,799.6193504,88.27881631,,,,,,
,,,794.0534835,89.57204311,,,,,800.083217,88.29923021,,,,,,
,,,794.59596,89.63122258,,,,,,,,,,,,
,,,795.2170926,89.76261529,,,,,,,,,,,,
,,,795.9121071,89.70368408,,,,,,,,,,,,
,,,796.4927181,89.73333588,,,,,,,,,,,,
,,,797.0741647,89.80893169,,,,,,,,,,,,
,,,797.6523289,89.7040332,,,,,,,,,,,,
,,,798.1140605,89.57613943,,,,,,,,,,,,
,,,798.6922844,89.47452266,,,,,,,,,,,,
,,,799.3118654,89.52059079,,,,,,,,,,,,
,,,799.7799827,89.74384047,,,,,,,,,,,,
,,,799.6231479,89.62566772,,,,,,,,,,,,
,,,800.0907877,89.82266368,,,,,,,,,,,,
